detail_id,student_ko,student_kr,person_id,student_kr_src,student_en,student_affil,degree,pub_year,degree_ym,dept_major,advisor,지도교수_수동입력여부,title_ko,title_en,keywords,ddc,institution,pages,language,copyright,handle_uri,include_reason
000000018725,朴性焙,박성배,박성배,한자음변환,,,석사,1959,Feb.59,대학원 인도철학과,미상,예,梵我一如思想 : 古upanisad 時代의 核心問題,A study on Brohm - Atma - aikyam,,294.2,東國大學校 大學院,,,,,dept=인도철학
000000019374,탁만식,탁만식,탁만식,원본,,,석사,1971,Feb.71,대학원 인도철학과,김동화,예,華嚴經에 나타난 普薩思想 硏究,A Study on the Thoughts of Bodhisattva in AVATASAKA-SUTRA,,212.3,동국대학교 대학원,,,,,dept=인도철학
000000018860,이태경,이태경,이태경,원본,,,석사,1972,Feb.72,대학원 인도철학과,원의범,예,中論觀去來品 硏究,A Study on Gatagatapariksa of Madhyamakasastra,,213.35,동국대학교 대학원,,,,,dept=인도철학
000000018854,郭滿淵,곽만연,곽만연,게재검증,,,석사,1974,Feb.74,대학원 인도철학과,원의범,예,佛敎의 社會改革思想硏究,A Study on the thought of Social reform of Buddhism,,211.09,東國大學校 大學院,,,,,dept=인도철학
000000017992,장충식,장충식,장충식,원본,,,석사,1974,Feb.74,대학원 인도철학과,황수영,예,長生標硏究 : 通度寺 十二長生을 中心으로,A Study on the Jang-seng,,218.61,동국대학교 대학원,,,,,dept=인도철학
000000017944,박세인,박세인,박세인,원본,,,석사,1975,Feb.75,대학원 인도철학과,원의범,예,蓮華의 象徵的 意味의 硏究 : 印度의 神話와 佛敎를 中心으로,A Study on the Symbolic Meaning of a Lotus Flower,,294,동국대학교 대학원,,,,,dept=인도철학
000000018025,신광수,신광수,신광수,원본,,,석사,1975,Feb.75,대학원 인도철학과,서경수,예,十一面 觀世音菩薩에 관한 硏究,STUDY OF ELEVEN FACES KWAN SYE UM,,212.31,동국대학교 대학원,,,,,dept=인도철학
000000018719,이범홍,이범홍,이범홍,원본,,,석사,1975,Feb.75,대학원 인도철학과,서경수,예,Maya에 關한 硏究 : Sankara를 中心으로,STUDY OF MAYA,,181.48,동국대학교 대학원,,,,,dept=인도철학
000000014911,金德洙,김덕수,김덕수,한자음변환,,,석사,1976,Feb.76,대학원 인도철학과,이기영,예,佛典上에 나타난 護國思想 硏究,THE PATRIOTIC SPIRIT OF BUDDHISM,,211,東國大學校 大學院,,,,,dept=인도철학
000000017938,김용환,김용환,김용환,원본,,,석사,1976,Feb.76,대학원 인도철학과,이기영,예,帝釋天(Indra)을 通한 佛敎神話의 一考察,,,294,동국대학교 대학원,,,,,dept=인도철학
000000018438,송병욱,송병욱,송병욱,원본,,,석사,1976,Feb.76,대학원 인도철학과,미상,예,"入楞伽經硏究 - 오법문품범, 막본대조",A STUDY OF THE LANKAVATARA SUTRA,,213.18,동국대학교 대학원,,,,,dept=인도철학
000000018772,이지수,이지수,이지수,원본,,,석사,1976,Feb.76,대학원 인도철학과,원의범,예,認識對象의 外界實在性 問題 : Alambana-Pariksa를 中心으로,The Problem of Reality of the External Object,,121,동국대학교 대학원,,,,,dept=인도철학
000000019281,전치수,전치수,전치수,원본,,,석사,1976,Feb.76,대학원 인도철학과,원의범,예,印度論理學의 形式에 關한 硏究 : 記號 論理에 依한 五支作法과 三支作法의 等價證明,,,160.954,동국대학교 대학원,,,,,dept=인도철학
000000019277,金良植,김양식,김양식,한자음변환,,,석사,1977,Feb.77,대학원 인도철학과,원의범,예,Rabindranath Tagore 詩에 나타난 印度哲學 思想 : Isa upanisad를 中心으로,The Theme The Idea of Rabindranath Tagore,,891,동국대학교 대학원,,,,,dept=인도철학
000000018256,김현준,김현준,김현준,원본,,,석사,1978,Feb.78,대학원 인도철학과,이기영,예,Bhagavad-Gita와 大乘起信論·疏의 比較硏究,,,181.4,동국대학교 대학원,,,,,dept=인도철학
000000018259,이효상,이효상,이효상,원본,,,석사,1978,Feb.78,대학원 인도철학과,미상,예,感官的直觀의 認識過程 硏究,,,181,東國大學校 大學院,,,,,dept=인도철학
000000018249,강희숙,강희숙,강희숙,원본,,,석사,1980,Jul.80,대학원 인도철학과,원의범,예,印度唯物論硏究 : lokayata와 Sankhga 中心으로,A study of Indian materialism espatiallg on Lokayata and Sankhya,,181.4,동국대학교 대학원,,,,,dept=인도철학
000000018450,다야라트네에디리싱헤,다야라트네에디리싱헤,다야라트네에디리싱헤,원본,,,석사,1980,Dec.80,대학원 인도철학과,원의범,예,上座佛敎와 大乘佛敎의 倫理觀에 關한 比較 硏究,The Ethics of Thevavada and Mahayana Buddhism : A Comparative Study,,214.1,동국대학교 대학원,,한국어,,,dept=인도철학
000000018994,정승석,정승석,정승석,원본,,,석사,1980,Dec.80,대학원 인도철학과,정태혁,예,Hinduism哲學의 社會倫理性 硏究 : 四姓制度(Caste)를 中心으로,A Study on Socio- ethical Inclination in Hindu Philophy With Special Refernce to Caste System,,181.4,동국대학교 대학원,,,,,dept=인도철학
000000019242,황용식,황용식,황용식,원본,,,석사,1980,Feb.80,대학원 인도철학과,서경수,예,原始佛敎의 無我說의 硏究,A Study of the Anatma-Yada in the Primitive Buddhism,,211.1,동국대학교 대학원,,,,,dept=인도철학
000000012407,김영,김영,김영,원본,,,석사,1981,Feb.81,대학원 인도철학과,정태혁,예,印度哲學思想에 나타난 時間觀,An Outlook on Time through the Indian Philosophy,,181.4,동국대학교 대학원,,,,,dept=인도철학
000000019274,徐幸正,서행정,서행정,게재검증,,,석사,1981,Feb.81,대학원 인도철학과,원의범,예,Valmiki Ramayana의 倫理觀 : Dharma를 中心으로,,,891,동국대학교 대학원,,,,,dept=인도철학
000000012377,全在星,전재성,전재성,게재검증,,,석사,1981,Feb.81,대학원 인도철학과,원의범,예,Veda와 Upanisad에서 불(火)의 形而上學,,,181.4,동국대학교 대학원,,,,,dept=인도철학
000000018413,정호영,정호영,정호영,원본,,,석사,1981,Feb.81,대학원 인도철학과,이기영,예,金剛般若經의 四想에 관한 硏究,,,213,동국대학교 대학원,,,,,dept=인도철학
000000012378,車英愛,차영애,차영애,한자음변환,,,석사,1981,Feb.81,대학원 인도철학과,정태혁,예,Samkhya-yaga 哲學의 轉變說과 요가修行 : 世界의 展開와 復歸를 中心으로,,,181.45,동국대학교 대학원,,,,,dept=인도철학
000000013224,홍순해,홍순해,홍순해,원본,,,석사,1983,Feb.83,대학원 인도철학과,원의범,예,印度哲學에서의 「正」에 關한 考察 : 佛敎의 八正道를 中心으로,A study on the Righteousness in Indian Buddhism - Especially on the Noble Eightfold Path,,181.4,동국대학교 대학원,,,,,dept=인도철학
000000012607,윤기봉,윤기봉,윤기봉,원본,,,석사,1984,Dec.84,대학원 인도철학과,이기영,예,Jaina敎의 認識論 硏究,The Study of Jaina&#039;s Epistemology,,181.4,동국대학교 대학원,,,,,dept=인도철학
000000010441,이태영,이태영,이태영,원본,,,석사,1984,Feb.84,대학원 인도철학과,정태혁,예,요가의 Citta-Vrtti-Nirodha의 哲學的 構造에 관한 硏究 : Yoga-Sutra 를 中心으로,,,181.45,동국대학교 대학원,,,,,dept=인도철학
000000012606,이호근,이호근,이호근,원본,,,석사,1984,Feb.84,대학원 인도철학과,이기영,예,Advaita 思想의 始源에 關한 硏究,A STUDY ON THE ORIGIN OF ADVAITA PHILOSOPHY,,181.4,동국대학교 대학원,,,,,dept=인도철학
000000012608,朱明哲,주명철,주명철,게재검증,,,석사,1984,Feb.84,대학원 인도철학과,정태혁,예,Ramanuja의 神觀과 宗敎性에 關한 硏究,A Study on &#034; The Theology of Ramanuja Vedantism &#034; ; It&#039;s Metaphysic of God,,181.4,동국대학교 대학원,,,,,dept=인도철학
000000011065,고명석,고명석,고명석,원본,,,석사,1985,Feb.85,대학원 인도철학과,서경수,예,虛妄分別의 轉換構造와 三性說에 대한 硏究 : 初期唯識의 中邊分別論(Madhyanta Vibhaga-Bhasya)을 中心으로,,,181.4,東國大學校 大學院,,,,,dept=인도철학
000000011067,金碩南,김석남,김석남,한자음변환,,,석사,1985,Feb.85,대학원 인도철학과,정태혁,예,緣起論的 立場에서 본 Atman論 批判 : 原始佛敎의 緣起論을 中心으로,,,181.4,東國大學校 大學院,,,,,dept=인도철학
000000010707,佐藤繁樹,사토 시게키,사토 시게키,일본인명,,,석사,1985,Jun.85,대학원 인도철학과,이기영,예,無量壽經의 淨土思想에 關한 硏究,A STUDY ON THE PURE LAND BUDDHISM OF THE LARGER SUKHAVATIVYUHA,,213.16,東國大學校 大學院,,,,,dept=인도철학
000000011507,심은섭,심은섭,심은섭,원본,,,석사,1985,Feb.85,대학원 인도철학과,이기영,예,우빠니샤드의 倫理觀 硏究,A Study on the Ethics of the Upanisads,,181.4,동국대학교 대학원,,,,,dept=인도철학
000000011361,金善根,김선근,김선근,게재검증,,,박사,1986,Feb.86,대학원 인도철학과,원의범,예,간디의 Satyagraha思想 硏究,,,181.49,東國大學校 大學院,,,,,dept=인도철학
000000010687,金載千,김재천,김재천,게재검증,,,석사,1986,Feb.86,대학원 인도철학과,정태혁,예,Samkhya와 唯識에서의 轉變說 比較硏究,Comparative Study on Parinama - Vada in Samkhya and Yogacara,,181.4,동국대학교 대학원,,,,,dept=인도철학
000000012932,나윤중,나윤중,나윤중,원본,,,석사,1986,Jul.86,대학원 인도철학과,이기영,예,Om과 Advaita vedanta의 Jnana-Yoga와의 관계에 대한 硏究 : Mandukya Upanisad의 Om을 中心으로,,,181.4,東國大學校 大學院,,한국어,,,dept=인도철학
000000012933,남수영,남수영,남수영,원본,,,석사,1986,Jul.86,대학원 인도철학과,이기영,예,우파니샤드의 人間論 : 小宇宙論的인 展開,THE UPANISADIC VIEW ON A PERSON,,181.4,동국대학교 대학원,,,,,dept=인도철학
000000013042,이태승,이태승,이태승,원본,,,석사,1986,Jul.86,대학원 인도철학과,정태혁,예,초기 우파니샤드의 아트만론 연구,A Study on the Atman Theories in the Early Upanisads,,181.4,동국대학교 대학원,,,,,dept=인도철학
000000010688,조성택,조성택,조성택,원본,,,석사,1986,Dec.86,대학원 인도철학과,이기영,예,解深密經(Samdhinirmocana-sutra) 勝義諦相品에 관한 硏究 : 眞諦譯 佛說解節經과의 比較를 中心으로,,,181.4,동국대학교 대학원,,,,,dept=인도철학
000000013166,문을식,문을식,문을식,원본,,,석사,1987,Feb.87,대학원 인도철학과,이기영,예,Bhagavad-Gita에 있어서의 Niskama-Karma(離欲行)에 관한 연구 : Svadharma중심으로,,,181.4,동국대학교 대학원,,,,,dept=인도철학
000000010896,송인숙,송인숙,송인숙,원본,,,석사,1987,Jul.87,대학원 인도철학과,원의범,예,팔천송반야경에 있어서의 공성연구,STUDY ON SUNYATA IN ASTSAHASRIKA PRAJNAPARAMITA,,181.4,동국대학교 대학원,,,,,dept=인도철학
000000013167,안옥선,안옥선,안옥선,원본,,,석사,1987,Feb.87,대학원 인도철학과,정태혁,예,Bhagavad-gita의 bhakti에 대한 연구,A Study on the Bhakti of the Bhagavadgita,,181.4,동국대학교 대학원,,,,,dept=인도철학
000000010887,이승호,이승호,이승호,원본,,,석사,1987,Jul.87,대학원 인도철학과,정태혁,예,태장계 만다라 연구 : 태장계 만다라의 구조와 성불론,A Study on the Garba - dhatu - mandala,,181.4,東國大學校 大學院,,,,,dept=인도철학
000000010885,주민황,주민황,주민황,원본,,,석사,1987,Jul.87,대학원 인도철학과,이기영,예,초기 여래장사상의 삼보관 연구,A STUDY ON THE TRIRATNA (三寶) VIEW OF THE EARLY TATHAGATAGARBHA THEORY,,211.09,東國大學校 大學院,,,,,dept=인도철학
000000011019,鄭柄朝,정병조,정병조,한자음변환,,,박사,1988,Feb.88,대학원 인도철학과,이기영,예,文殊菩薩의 硏究,Study on Maujusri Bodhisattva,,212.34,東國大學校 大學院,,,,,dept=인도철학
000000012363,金星喆,김성철,김성철#중관,게재검증,,,석사,1988,Feb.88,대학원 인도철학과,원의범,예,Nagarjuna의 運動 否定論 : 中論 觀去來品을 中心으로,Nagarjuna&#039;s negation on motion Centered on Gatagata pariksa of Mulamadhyamakakarika,,213.35,동국대학교 대학원,,,,,dept=인도철학
000000013022,김호성,김호성,김호성,원본,,,석사,1988,Feb.88,대학원 인도철학과,정태혁,예,Buddhacarita(佛所行讚)에 나타난 初期 Samkhya 思想 硏究 : 第XII品의 Parinama-vada(轉變說)와 그 批判을 中心으로,A STUDY ON THE EARLY SAMKHYA PHILOSOPHY MANIFESTED IN BUDDHACARITA - Centered on Parinama - vada and Buddhisti,,181.4,동국대학교 대학원,,,,,dept=인도철학
000000013023,박상필,박상필,박상필,원본,,,석사,1988,Feb.88,대학원 인도철학과,원의범,예,Advaita Vedanta學派에 있어서 無知(Ajnana)와 現象界生成(Prapancotpatti)과의 關係 : Sadananda Yogindra의 Vedanta-sara를 中心으로,,,181.4,동국대학교 대학원,,,,,dept=인도철학
000000013333,柳美賢,유미현,유미현,한자음변환,,,석사,1988,Jul.88,대학원 인도철학과,정태혁,예,Samkhya와 Yoga의 解脫觀에 대한 比較 硏究 : Samkhya Karika와 Yoga Sutra를 중심으로,A Comparative Study on a View of Salvation in Samkhya and Yoga - with priority given to Samkhya-karika and Yoga-sutra,,181.4,동국대학교 대학원,,,,,dept=인도철학
000000012362,金哲禾,김철화,김철화,한자음변환,,,석사,1989,Jun.89,대학원 인도철학과,정태혁,예,Samkhya 轉變說(Parinama-vada)에 나타난 Buddhi(覺)에 대한 硏究 Samkhya : On buddhi of Parinama - vada,,,181.4,동국대학교 대학원,,,,,dept=인도철학
000000012361,이은덕,이은덕,이은덕,원본,,,석사,1989,Feb.89,대학원 인도철학과,이기영,예,初期 Upanisads에 나타난 輪廻說의 成立過程에 對한 硏究,A Study for the Process of Coming into Being of the Transmigration ( samsara ) in the Early Upanisads,,181.4,동국대학교 대학원,,,,,dept=인도철학
000000010935,趙煥起,조환기,조환기,한자음변환,,,석사,1989,Feb.89,대학원 인도철학과,정태혁,예,Yogacarabhumisastra(瑜伽師地論)의 사마-디(Samadhi) 硏究 : Samahitabhumi(三摩히多地)를 中心으로,A Study on the Samadhi in the Yogacara - sastra,,181.45,동국대학교 대학원,,,,,dept=인도철학
000000013365,강신보,강신보,강신보,원본,,,석사,1990,Feb.90,대학원 인도철학과,서성원,예,중아함경에 나타난 연기설에 관한 연구,A Study On Paticcasamuppada-vada in Madhyamagama,,181.4,동국대학교 대학원,,,,,dept=인도철학
000000010632,李巨龍,이거룡,이거룡,게재검증,,,석사,1990,Jun.90,대학원 인도철학과,김선근,예,Ramanuja에 있어서 Bhakti에 관한 硏究,A Study on Bhakti in Ramanuja&#039;s Thought,,181.4,동국대학교 대학원,,,,,dept=인도철학
000000012737,이장형,이장형,이장형,원본,,,석사,1990,Feb.90,대학원 인도철학과,이기영,예,초기 우빠니샤드와 구약성서의 인간관 동이연구,A Study of Common and Different Views of Man in the Early Upanisads and the Old Testament,,181.4,東國大學校 大學院,,,,,dept=인도철학
000000012599,최경아,최경아,최경아,원본,,,석사,1990,Jun.90,대학원 인도철학과,서성원,예,Katha Upanisad에 나타난 自我觀 : Purusa를 중심으로,A Study for the view of self in the Katha upanisad centered on purusa,,181.4,동국대학교 대학원,,,,,dept=인도철학
000000012598,현희자,현희자,현희자,원본,,,석사,1990,Jun.90,대학원 인도철학과,이지수,예,勝論學派에 있어서 實體(Dravya)에 대한 考察 : 句義法綱要(Padarthadharmasamgraha)를 中心으로,A Study for the substance in Vaisesika philosophy,,181.44,동국대학교 대학원,,,,,dept=인도철학
000000011271,서행정,서행정,서행정,원본,,,박사,1991,Feb.91,대학원 인도철학과,원의범,예,印度倫理思想 硏究 : Rama說話에 나타난,The Study of the Ethical Thoughts of India - Through the story of Rama,,181.4,동국대학교 대학원,,,,,dept=인도철학
000000010068,정승석,정승석,정승석,원본,,,박사,1991,Jun.91,대학원 인도철학과,정태혁,예,상캬哲學의 轉變說 연구 : 불교에서 有關한 思考와의 대비를 중심으로,The Parinamavada of Samkhya Philosophy : A Comparative Study of Related Thinkings in Buddhism,,181.41,동국대학교 대학원,,,,,dept=인도철학
000000012478,全昌應,전창응,전창응,한자음변환,,,석사,1991,Jun.91,대학원 인도철학과,원의범,예,니야야 학파의 認識方法(Pramana)에 대한 硏究 : Tarkabhasa를 中心으로,,,181.43,東國大學校 大學院,,,,,dept=인도철학
000000012479,崔銀伊,최은이,최은이,한자음변환,,,석사,1991,Feb.91,대학원 인도철학과,이지수,예,다르마기르띠 인식론의 이원적 구조 연구 : Pratyaksa 개념을 중심으로,,,181.43,東國大學校 大學院,,,,,dept=인도철학
000000010271,송병욱,송병욱,송병욱,원본,,,박사,1992,Feb.91,대학원 인도철학과,미상,예,解脫의 現證的 境地의 硏究 : 수따니빠따(Suttanipata)를 中心으로,,,210,동국대학교 대학원,,,,,dept=인도철학
000000011551,李泰寧,이태녕,이태녕,한자음변환,,,박사,1992,Dec.92,대학원 인도철학과,정태혁,예,古典요가의 理論과 實踐에 대한 硏究 : 요가브하샤를 中心으로,,,294.54,동국대학교 대학원,,,,,dept=인도철학
000000010665,이호근,이호근,이호근,원본,,,박사,1992,Jun.92,대학원 인도철학과,이기영,예,샹카라의 假現說 硏究,A Study on Sankara&#039;s Vivartavada,,181.48,동국대학교 대학원,,,,,dept=인도철학
000000011289,金鳳來,김봉래,김봉래,한자음변환,,,석사,1992,Jun.92,대학원 인도철학과,원의범,예,法稱의 他心存在證明 (Samtanantarasiddhi),Establishment of the Mind of Others in Dharmakirti,,211.6,東國大學校 大學院,,,,,dept=인도철학
000000011732,사또시께끼,사또시께끼,사또시께끼,원본,,,박사,1993,Feb.93,대학원 인도철학과,이기영,예,元曉에 있어서 和諍의 논리 : 金剛三味經論을 중심으로,The Logic of Harmonization of Wonhyo - With Reference to the kumgangsammaegyong - ron,,218.093,동국대학교 대학원,,,,,dept=인도철학
000000010061,김미숙,김미숙,김미숙#초기불교,원본,,,석사,1993,Dec.93,대학원 인도철학과,서성원,예,초기불교 무아설의 교의 연구,A study on the doctrine of nonexistence of Ego in the Early Buddhism,,211.1,동국대학교 대학원,,,,,dept=인도철학
000000010823,김미숙,김미숙,김미숙#자이나,원본,,,석사,1993,Dec.93,대학원 인도철학과,이지수,예,자이나 체계에서 실재의 이론,The Theory of Reality in Jaina System,,181.42,동국대학교 대학원,,,,,dept=인도철학
000000010921,이명권,이명권,이명권,원본,,,석사,1993,Dec.93,대학원 인도철학과,이지수,예,印度思想의 解脫論과 基督敎思想의 自由論 : 종교다원주의적 관점에서 본 이해,A Comparative Study on the theory of the Moksa in Indian thought and the theory of the Soteria in the Christian thought - Focusing on the Religious pluralisti,,181.4,동국대학교 대학원,,,,,dept=인도철학
000000010208,이자랑,이자랑,이자랑,원본,,,석사,1993,Feb.93,대학원 인도철학과,서성원,예,초기 불교 교단 성립의 사회적 기반에 대한 고찰,A STUDY OF THE SOCIAL BASE AND FORMATION OF THE BODY OF RELIGION IN EARLY BUDDHISM,,210.954,동국대학교 대학원,,,,,dept=인도철학
000000010060,임승택,임승택,임승택,원본,,,석사,1993,Dec.93,대학원 인도철학과,서성원,예,大悲(Mahakaruna)에 관한 연구 : 蓮華戒(Kamara sila)의 修習次第論(Bhavanakrama)을 중심으로,,,211.2,동국대학교 대학원,,,,,dept=인도철학
000000012983,문을식,문을식,문을식,원본,,,박사,1994,Dec.94,대학원 인도철학과,이기영,예,가우다빠다의 不生說과 龍樹의 中道說,,,181.48,東國大學校 大學院,,,,,dept=인도철학
000000010112,尹起鳳,윤기봉,윤기봉,한자음변환,,,박사,1994,Dec.94,대학원 인도철학과,원의범,예,佛敎 權化思想의 韓國的 展開와 大巡思想 硏究,A Study on Buddhistic Avatara and Dae - Soon Thought in Korean religious millieu,,299.5129,동국대학교 대학원,,,,,dept=인도철학
000000013201,朱明哲,주명철,주명철,게재검증,,,박사,1994,Feb.94,대학원 인도철학과,정태혁,예,라마누자의 Brahman觀과 實踐體系 硏究,,,181.48,東國大學校 大學院,,,,,dept=인도철학
000000013092,박기열,박기열,박기열,원본,,,석사,1994,Dec.94,대학원 인도철학과,이지수,예,佛敎知識論에서 Arthakriya 개념의 意義 : 다르마끼르띠의 &#039;量評釋(Pramanavarttika)&#039;를 中心으로,The Meaning of Conception of Arthakriya in the Buddhist Pramana System,,211.81,동국대학교 대학원,,,,,dept=인도철학
000000011874,박영길,박영길,박영길,원본,,,석사,1994,Feb.94,대학원 인도철학과,이지수,예,假託과 梵我一如의 實現,,,181.4,동국대학교 대학원,,,,,dept=인도철학
000000011887,安承駿,안승준,안승준,게재검증,,,석사,1994,Feb.94,대학원 인도철학과,서성원,예,大念處經의 修行體系와 敎理體系 硏究,,,213.11,동국대학교 대학원,,,,,dept=인도철학
000000013236,이권학,이권학,이권학,원본,,,석사,1994,Dec.94,대학원 인도철학과,정승석,예,요가철학과 초기불교의 神秘主義的 성격,Mystical Aspects of Yoga Philosophy and Early Buddhism,,181.45,동국대학교 대학원,,,,,dept=인도철학
000000014878,후지요시나리,후지요시나리,후지요시나리,원본,,藤能成,박사,1995,Feb.95,대학원 인도철학과,정태혁,예,元曉의 淨土思想 硏究,STUDIES ON THE THOUGHT OF PURE LAND IN WON - HYO,,219.8,동국대학교 대학원,,,,,dept=인도철학
000000011492,심재관,심재관,심재관,원본,,,석사,1995,Dec.95,대학원 인도철학과,이지수,예,Rig-Veda mandala 2의 제례형태연구,A Study on the Ritual Elements in Rig Veda Mandala 2 .,,181.4,동국대학교 대학원,,,,,dept=인도철학
000000010027,이승주,이승주,이승주,원본,,,석사,1995,Dec.95,대학원 인도철학과,서성원,예,俱舍論과 淸淨道論의 十二緣起說,,,211.6,동국대학교 대학원,,,,,dept=인도철학
000000011872,정상구,정상구,정상구,원본,,,석사,1995,Feb.95,대학원 인도철학과,서성원,예,까타 우빠니샤드의 해탈관,A Steriological view in katha Upanishad,,181.4,동국대학교 대학원,,,,,dept=인도철학
000000012982,황순일,황순일,황순일,원본,,,석사,1995,Feb.95,대학원 인도철학과,서성원,예,輕量部 世親의 Alayavijnana 연구,,,211.6,동국대학교 대학원,,,,,dept=인도철학
000000011801,김호성,김호성,김호성,원본,,,박사,1996,Feb.96,대학원 인도철학과,정태혁,예,禪觀의 大乘的 淵源 硏究,A Study on the Origins of Dhyana and vipasyana reflected on Mahayana Buddhism,,219.7,동국대학교 대학원,,,,,dept=인도철학
000000010527,전재성,전재성,전재성,원본,,,박사,1996,Feb.96,대학원 인도철학과,서성원,예,初期佛敎의 緣起性(paticcasamuppada)硏究,A study of paticcasamuppada in early Buddhism,,211.6,동국대학교 대학원,,,,,dept=인도철학
000000011302,김경춘,김경춘,김경춘,원본,,,석사,1996,Feb.96,대학원 인도철학과,정승석,예,상키야사라의 해탈관,The View of Liberation ( Kaivalya ) of Sankhyasara,,181.41,동국대학교 대학원,,,,,dept=인도철학
000000011322,김성철,김성철,김성철#유식,원본,,,석사,1996,Feb.96,대학원 인도철학과,이지수,예,초기 유식학파 삼성설 연구 : 『섭대승론』(攝大乘論)『소지상분』(所知相分) 을 중심으로,A Study of the Trisvabhava Theory of the Early Vijnana - vadin - Based on the &#034; Jneyalaksana &#034; of Mahayanasamgraha,,211.6,동국대학교 대학원,,,,,dept=인도철학
000000011881,沈俊甫,심준보,심준보,게재검증,,,석사,1996,Feb.96,대학원 인도철학과,정승석,예,佛典에 나타난 五辛菜戒 硏究,,,213.21,동국대학교 대학원,,,,,dept=인도철학
000000011328,유명선,유명선,유명선,원본,,,석사,1996,Feb.96,대학원 인도철학과,이지수,예,"〈니야 - 야빈두 ( NYAYABINDU, 정리 - 일적론 ) 〉 의 논증장 ( PARARTHANUMANA ) 에 대한 연구",A study on the Pararthanumana of Nyayabindu,,181.43,동국대학교 대학원,,,,,dept=인도철학
000000011329,이경희,이경희,이경희,원본,,,석사,1996,Feb.96,대학원 인도철학과,이지수,예,언어인식(Sabdabodha)의 본질에 관한 연구 : 바르뜨르하리의 언어의미론을 중심으로,A Study on The Nature of Sabdabodha - In The Bhartrhari&#039; Semantics,,181.42,동국대학교 대학원,,,,,dept=인도철학
000000012066,김성철,김성철,김성철#중관,원본,,,박사,1997,Feb.97,대학원 인도철학과,서성원,예,龍樹의 中觀 論理의 起源 : 方便心論의 相應 論法을 中心으로,The Origin of Madhyamika Logic of Nagarjuna - Centered on the Prasanga - Logic of Upayahrdaya - Sastra,,213.35,동국대학교 대학원,,,,,dept=인도철학
000000018360,강민수,강민수,강민수,원본,,,석사,1997,Jun.97,대학원 인도철학과,이지수,예,[ 구사론 ] 에 나타난 무명에 관한 연구,A Study on Avidya in Abhidharmakosabhasya,,213.34,동국대학교 대학원,,한국어,,,dept=인도철학
000000018143,金秀姸,김수연,김수연,게재검증,,,석사,1997,Feb.97,대학원 인도철학과,정승석,예,比丘尼 不共戒에 나타난 女性觀 : 『四分律』을 중심으로,A Study on the View of Feminity in the Orders Applied Only for Bhikkhum - based on Vinaya of the Dharmaguptas,,213.21,동국대학교 대학원,,,,,dept=인도철학
000000014904,김영호,김영호,김영호,원본,,,석사,1997,Feb.97,대학원 인도철학과,서성원,예,푸쉬야미트라(Pushyamitra)破佛의 歷史的 意義,Historical Implication of Pusyamitra&#039;s Suppression of Buddhism,,210.954,동국대학교 대학원,,,,,dept=인도철학
000000017671,남승호,남승호,남승호,원본,,,석사,1997,Feb.97,대학원 인도철학과,이지수,예,『 해바즈라 딴뜨라 ( Hevajra Tantra ) 』 의 대승불교사상 : 끄리슈나짜리야 ( Krsnacarya ) 의 『 요가라뜨나말라 ( Yogaratnamala ) 』 를 중심으로,A Study on the thought of Mahayana Buddhism in 『 Hevajra Tantra 』 - based on Krsnacarya&#039;s Yogaratnamala,,213.36,동국대학교 대학원,,,,,dept=인도철학
000000014874,임성묵,임성묵,임성묵,원본,,,석사,1997,Dec.97,대학원 인도철학과,정승석,예,"瑜伽行派의 사마타-비파사나(samatha-vipasyana, 止觀)에 대한 연구 : 『瑜伽師地論』의 「聲聞地」와 『解深密經』의「分別瑜伽品」을 중심으로",A Study on samatha - vipasyana in the Yogacara school - Based on Sravakabhumi of Yogacarabhumisastra and the 分別瑜伽品 - chapter of Sarndhinirmocanasutra,,213.36,동국대학교 대학원,,,,,dept=인도철학
000000015032,정윤경,정윤경,정윤경,원본,,,석사,1997,Feb.97,대학원 인도철학과,서성원,예,디그나가(陳那)의 아포하론에 관한 연구 : Pramanasamuccaya(집량론)을 중심으로,,"인도철학 , 디그나가 , 진나 , 아포하론 , 집량론 , Pramanasamuccaya",181.4,동국대학교 대학원,,한국어,,,dept=인도철학
000000015960,金載千,김재천,김재천,게재검증,,,박사,1998,Feb.98,대학원 인도철학과,정태혁,예,초기 미맘사 학파의 제사관 硏究,,"인도철학 , 미맘사 , 제사관 , Mimamsa school , ritual",181.43,東國大學校 大學院,,한국어,,,dept=인도철학
000000015978,金才權,김재권,김재권,게재검증,,,석사,1998,Feb.98,대학원 인도철학과,서성원,예,18界 構造로 본 認識現象에 관한 硏究 : 俱舍論(Abhidharmakosadhasyam)을 중심으로,,"인도철학 , 18계 , 인식현상 , Abhidharmakosadhasyam , 구사론",211.81,동국대학교 대학원,,한국어,,,dept=인도철학
000000016090,김진영,김진영,김진영,원본,,,석사,1998,Feb.98,대학원 인도철학과,이지수,예,문다카 우파니샤드에 나타난 브라흐만에 대한 연구,,"인도철학 , 문다카 우파니샤드 , 브라흐만 , Brahman , Mundaka Upanisad",181.4,동국대학교 대학원,,한국어,,,dept=인도철학
000000015959,박흥택,박흥택,박흥택,원본,,,석사,1998,Feb.98,대학원 인도철학과,정승석,예,非存在(abhava)에 관한 바이셰쉬카 학파의 사상,,"인도철학 , 비존재 , abhava , 바이셰쉬카 , Nonexistence , Vaisesika",181.43,동국대학교 대학원,,한국어,,,dept=인도철학
000000004071,鬱卍,울만,울만,확인요,,,석사,1998,Feb.98,대학원 인도철학과,정승석,예,元曉의 涅槃觀과 佛性觀에 對한 硏究 : 『涅槃經宗要』를 中心으로,A study on wonhyo&#039;s conception of nirvana and buddha-nature in his &#034;thematic essentials of the mahaparinirvanasutra&#034;&#034;,,218.092,동국대학교 대학원,,,,,dept=인도철학
000000015976,元惠英,원혜영,원혜영,게재검증,,,석사,1998,Feb.98,대학원 인도철학과,서성원,예,다르마끼르띠의 인식론에 대한 연구 : Nyayabindu-tika(正理一滴疏)를 중심으로,,"인도철학 , 다르마끼르띠 , 인식론 , 정리일적소 , Nyayabindu-tika",211.81,東國大學校 大學院,,한국어,,,dept=인도철학
000000015963,이정숙,이정숙,이정숙,원본,,,석사,1998,Feb.98,대학원 인도철학과,정승석,예,자이나 학파의 상대론(syadvada)에 대한 연구 : syadvadamanjari를 중심으로,,"인도철학 , 자이나 학파 , 상대론 , syadvada , syadvadamanjari",181.4,동국대학교 대학원,,한국어,,,dept=인도철학
000000015980,이필원,이필원,이필원,원본,,,석사,1998,Feb.98,대학원 인도철학과,서성원,예,초기불전에 나타난 무기설 연구,,"인도철학 , 초기불전 , 무기설 , Avyakata-vada , Buddhist",211.6,동국대학교 대학원,,한국어,,,dept=인도철학
000000015962,崔允禎,최윤정,최윤정,한자음변환,,,석사,1998,Feb.98,대학원 인도철학과,정승석,예,인도 의미론에 대한 연구 : 語義의 轉移를 중심으로,,"인도철학 , 인도 의미론 , 어휘 , 전이 , Indian Theory , Padartha",181.4,東國大學校 大學院,,한국어,,,dept=인도철학
000000015989,황정일,황정일,황정일,원본,,,석사,1998,Feb.98,대학원 인도철학과,이지수,예,有部 十大地法과 唯識 五遍行·別境에 대한 硏究 : 十大地法이 五遍行·別境으로 나누어진 根據를 중심으로,,"인도철학 , 유부 , 십대지법 , 유식 , 오편행 , 별경 , 십대지법",213.31,東國大學校 大學院,,한국어,,,dept=인도철학
000000036469,강민선,강민선,강민선,원본,,,석사,1999,Feb.99,대학원 인도철학과,서성원,,"초기 불교 교단의 형성과 빈비사라(Bimbisara, 頻毘娑羅)의 역할",The Formation of Early Buddhist Community and a Role of Bimbisara(頻毘娑羅),,181,동국대학교 대학원,"ii, 65 p.",한국어,,,dept=인도철학
000000015995,강종원,강종원,강종원,원본,,,석사,1999,Feb.99,대학원 인도철학과,김선근,예,『中頌』에 나타난 聖言量(Agama)의 適用에 대한 考察,,"중송 , 성언량 , Agama , 적용",213.35,동국대학교 대학원,,한국어,,,dept=인도철학
000000004053,裵宰亨,배재형,배재형,한자음변환,,,석사,1999,Feb.99,대학원 인도철학과,이지수,예,"디그나가의 直接知覺(Pratyak．sa)과 自己認識(svasa．mvedana)에 대한 연구 : &lt;集量論 tshad-ma kun-las btus-pa&gt;, &lt;直接知覺章 m˙non-sum-gyi le．hu ste da˙n-po&gt;을 중심으로","A study on pratyaksa and svasamvedana of dignaga : based on tshad ma kun las btus pa, mnon sum gyi lehu ste dan po",,211.81,동국대학교 대학원,,,,,dept=인도철학
000000016108,이창희,이창희,이창희,원본,,,석사,1999,Feb.99,대학원 인도철학과,정승석,예,Brahmodya의 祭儀的 성격에 관한 연구,,"brahmodya , 제의적 성격 , 베다제의 , 베다문헌",294.5921,동국대학교 대학원,,한국어,,,dept=인도철학
000000004052,하영진,하영진,하영진,원본,,,석사,1999,Feb.99,대학원 인도철학과,이지수,예,유식사상의 識개념 고찰 : &lt;유식 30송&gt;을 중심으로,A study on the cocept of vijnapti in the yogacara thought : based on the trimsika,,211.6,동국대학교 대학원,,,,,dept=인도철학
000000015441,李承祜,이승호,이승호,한자음변환,,,박사,2000,Feb.00,대학원 인도철학과,정태혁,예,唯識說과 密敎의 實踐原理 比較硏究,,"유식설 , 밀교 , 실천원리 , practical principle",219.6,東國大學校 大學院,,한국어,,,dept=인도철학
000000015658,林承澤,임승택,임승택,게재검증,,,박사,2000,Feb.00,대학원 인도철학과,이지수,예,Patisambhidamagga(無碍解道)의 修行觀 硏究 : 들숨ㆍ날숨에 관한 논의(Anapanakatha)를 중심으로,,"인도철학 , 무애해도 , 수행관 , Anapanakatha , Patisambhidamagga",213.1,東國大學校 大學院,,한국어,,,dept=인도철학
000000005153,성은경,성은경,성은경,원본,,,석사,2000,Feb.00,대학원 인도철학과,이지수,예,寂護(Santaraksita)의 外境에 대한 비판 : 眞實要綱(Tattvasamgraha) 第23章 &#034;外境批判&#034;을 중심으로,,,211.6,동국대학교 대학원,,,,,dept=인도철학
000000015435,안필섭,안필섭,안필섭,원본,,,석사,2000,Feb.00,대학원 인도철학과,정승석,예,요가수트라에 수용된 초자연력의 意義,,"인도철학 , 요가수트라 , 초자연력 , supernormal power , Yoga system",181.45,동국대학교 대학원,,한국어,,,dept=인도철학
000000004054,성청환,성청환,성청환,원본,,,석사,2001,Feb.01,대학원 인도철학과,정승석,예,불교지식론의 Yogipratyaksa에 관한 연구,A study on Yogipratyaksa in the buddhist pramana school,,211.81,동국대학교 대학원,,,,,dept=인도철학
000000037283,이영진,이영진,이영진,원본,,,석사,2001,Aug.01,대학원 인도철학과,이지수,,四諦觀(catursatyapariksa)의 수행법 : 阿毘達磨俱舍論(Abhidharmakosabhasya)賢聖品 1~28송을 중심으로,A study on “the observation of the four noble truth (catursatyapariksa)&#034; in Abhidharmakosabhasyam,,181,東國大學校 大學院,165 p.,한국어,,,dept=인도철학
000000037420,정진형,정진형,정진형,원본,,,석사,2001,Feb.01,대학원 인도철학과,이지수,,힌두哲學에 있어서 manas(意)의 개념,The Concept of Manas In Hindu Philosophy,,181,동국대학교 대학원,61 p.,한국어,,,dept=인도철학
000000035938,南守榮,남수영,남수영,게재검증,,,박사,2002,Feb.02,대학원 인도철학과,정승석,,印度 佛敎의 實有 批判 硏究,A Study of the Critique on the Dravya-sat(實有) in Indian Buddhism,,181,東國大學校 大學院,272 p.,한국어,,,dept=인도철학
000000035881,白道守,백도수,백도수,게재검증,,,박사,2002,Feb.02,대학원 인도철학과,서성원,,比丘戒經(Bhikkhupatimokkhasuttam)에 대한 硏究 : 學處(Sikkhapada)의 區分과 成立理由를 中心으로,A Study on Bhikkhupatimokkhasuttam : with a special focus on the classification of Sikkhapada and the reasons for the Masterialization,,181,東國大學校 大學院,"vii, 461 p.",한국어,,,dept=인도철학
000000005385,강향숙,강향숙,강향숙,원본,,,석사,2002,Feb.02,대학원 인도철학과,정승석,,하타요가에 나타난 탄트라적 요소,The Tantric Element revealed in Ha？ha Yoga,,181.45,동국대학교 대학원,,,,,dept=인도철학
000000036072,김유미,김유미,김유미,원본,,,석사,2002,Aug.02,대학원 인도철학과,서성원,,빨리 『열반경』에 나타난 佛陀觀 硏究 : 漢譯열반경과의 比較를 중심으로,A Study of Buddhology in Mahaparinibbana Sutta(MPS) : Focus on the camparison of Pali MPS with Chinese MPS,,181,東國大學校 大學院,68 p.,한국어,,,dept=인도철학
000000005856,나혜숙,나혜숙,나혜숙,원본,,,석사,2002,Feb.02,대학원 인도철학과,이지수,예,知覺(現量)의 無分別性의 根據 : 法稱의 『量評釋(Pramanavarttika)』을 중심으로,,,211.81,동국대학교 대학원,,,,,dept=인도철학
000000005876,노정환,노정환,노정환,원본,,,석사,2002,Feb.02,대학원 인도철학과,서성원,예,Mahasatipatthana-Sutta(大念處經)의 修行觀 硏究 : 正念. 正知(sati-sampajafina)를 중심으로,A Study on the practice theory of Mah？satipatth？na-Sutta Focus on Right Mindfulness and Clear Comprehension,,213.17,동국대학교 대학원,,,,,dept=인도철학
000000005944,박문성,박문성,박문성,원본,,,석사,2003,Feb.03,대학원 인도철학과,정승석,예,Pasupata(獸主派)의 실천 원리 연구,A study on the practical principals of P？？upata,,181.45,동국대학교 대학원,,,,,dept=인도철학
000000006550,이영석,이영석,이영석,원본,,,석사,2003,Feb.03,대학원 인도철학과,이지수,예,緣(Pratyaya)의 相依相關性 연구,A Study of the Mutual-dependent Relationship of Pratyaya,,211.6,동국대학교 대학원,,,,,dept=인도철학
000000006657,이태훈,이태훈,이태훈,원본,,,석사,2003,Feb.03,대학원 인도철학과,서성원,예,쿤달리니 요가(Kundalini Yoga)에 대한 시스템 이론적 이해,System Theoretical Understanding of Kundalin？ Yoga,,181.45,동국대학교 대학원,,,,,dept=인도철학
000000006766,장재진,장재진,장재진,원본,,,석사,2003,Feb.03,대학원 인도철학과,정승석,예,Samkhya의 轉變과 運氣學의 變化 比較硏究,A pari？？ma of S？？khya and variation of Ungihak.,,181.4,동국대학교 대학원,,,,,dept=인도철학
000000006818,정선경,정선경,정선경,원본,,,석사,2003,Feb.03,대학원 인도철학과,이지수,예,王舍城(Rajagrha)結集을 중심으로 본 아난다의 位相에 관한 硏究,A Study on the Position of ？nanda in the account of R？jagrha Council,,212.4,동국대학교 대학원,,,,,dept=인도철학
000000017627,Buddhadatta Shraman,Buddhadatta Shraman,Buddhadatta Shraman,원본,,,석사,2004,Feb.04,대학원 인도철학과,이지수,예,On the types of human beings presented in the Puggalapannatti : 『人施設論』에 나타난 인간의 유형에 대하여,,"human being , 인시설론 , 인간 , 정신수행",213.34,Graduate School of the Dongguk University,,한국어,,,dept=인도철학
000000005926,박공순,박공순,박공순,원본,,,석사,2004,Feb.04,대학원 인도철학과,서성원,예,"요가 호흡 수련(Pranayama, 調息)의 의의 : 하타 요가를 중심으로",Meaning of pr？n？y？ma in the Yoga : based on the Hatha Yoga,,181.45,동국대학교 대학원,,,,,dept=인도철학
000000016394,鄭京淑,정경숙,정경숙,한자음변환,,,석사,2004,Feb.04,대학원 인도철학과,서성원,예,十事諍論(dasa vatthuni vivada)의 滅諍法 硏究,,"인도철학 , 십사쟁론 , dasa vatthuni vivada",213.2,東國大學校 大學院,,한국어,,,dept=인도철학
000000001107,김미숙,김미숙,김미숙#자이나,원본,,,박사,2005,Feb.06,대학원 인도철학과,정승석,,자이나교의 不殺生論 연구 : 修行法을 중심으로 : 수행법을 중심으로,A Study of Ahimsavada in Jainism : With Special Reference to the Method of Practice,"자이나교 , 불살생론 , 수행법",294.4,동국대학교,279,한국어,,,dept=인도철학
,김성철,김성철,김성철#유식,원본,,,박사,2005,Feb.05,대학원 인도철학과,이지수,예,초기 유가행파의 무분별지 연구,A Study on the Nirvikalpajnana in the Early Yogacaravadins,유식학; 무분별지; 유가행파,,동국대학교,,,,,NRI(국가연구자정보); dCollection미수록
000000001182,서병진,서병진,서병진,원본,,,박사,2005,Feb.06,대학원 인도철학과,김선근,,"아쇼까(Asoka, 阿育)王의 福祉思想 硏究 : 金石文을 중심으로 : 아쇼까王의 福祉思想 硏究 : 金石文을 중심으로",The Welfare Thought of Emperor Asoka,"아쇼까왕 , Asoka왕 , 아육왕 , 복지사상 , 금석문 , 사회복지사상 , 다르마",215.6,동국대학교,"v, 316",한국어,,,dept=인도철학
000000015961,강형철,강형철,강형철,원본,,,석사,2005,Feb.05,대학원 인도철학과,정승석,예,상키야의 3質(tri-guna) 硏究,,"인도철학 , 상키야 , 3질 , tri-guna , Samkhya",181.41,동국대학교 대학원,,한국어,,,dept=인도철학
000000000355,金英淑,김영숙,김영숙,한자음변환,,,석사,2005,Aug.05,대학원 인도철학과,서성원,,『阿毘達磨大毘婆沙論』에서 사마타·위빠시야나 연구,A Study on the s´amatha-vipas´yana￣ in Abhidharmamaha￣vibha￣sa￣s´a￣stra,사마타 ·위빠시야나,213.34,동국대학교,"ⅱ, 76 p.",한국어,,,dept=인도철학
000000000061,김재민,김재민,김재민,원본,,,석사,2005,Aug.05,대학원 인도철학과,정승석,,요가의 상야마(Sam.yama) 연구 : Yogasu^(-)tra와 Yoga Upanis.ad의 연관을 중심으로,A study of Sam_yama in Yoga : Focused on the relation between Yogas?tra and Yoga Upani?ad,요가,181.45,동국대학교,76,한국어,,,dept=인도철학
000000000491,백승우,백승우,백승우,원본,,,석사,2005,Aug.05,대학원 인도철학과,정승석,,Samkhya 哲學의 輪廻論 연구,A study on transmigrationism of Sam˙khya Philosophy.,상키야 철학,181.41,동국대학교,64,한국어,,,dept=인도철학
000000016109,최지연,최지연,최지연,원본,,,석사,2005,Feb.05,대학원 인도철학과,정승석,예,자이나의 구나 스타나(gunasthana) 연구,,"자이나 , 구나스타나 , gunasthana , jainism",294.4,동국대학교 대학원,,한국어,,,dept=인도철학
000000001817,黃淨一,황정일,황정일,게재검증,,,박사,2006,Aug.06,대학원 인도철학과,이지수,,說一切有部의 三世實有說 硏究 : 三世實有說에 대한 世親의 批判과 衆賢의 反論을 중심으로,A Study on the Theory that the Three Time Periods Exist in Real of Sarv&amp;#257;stiv&amp;#257;din : mainly on the Vasubandhu&#039;s criticism on the real existence of the three processes of time and Sa&amp;#7749;ghabhadra&#039;s counter-argument,"설일체유부 , 삼세실유설 , 세친 , 중현 , 작용론",213.34,동국대학교,"iii, 195 p.",한국어,,,dept=인도철학
000000026322,박문성,박문성,박문성,원본,,,박사,2007,Aug.07,대학원 인도철학과,정승석,,Prabodhacandrodaya(『깨달음 달의 출현』)의 解脫觀 연구,A Study on the theory of Mukti of Prabodhacadrodaya,"Prabodhacandrodaya , 깨달음 달의 출현 , 해탈관 , 인도철학 , 우화극",181.4,동국대학교 대학원,305 p.,한국어,,,dept=인도철학
000000026337,김동구,김동구,김동구,원본,,,석사,2007,Aug.07,대학원 인도철학과,이지수,,목샤까라굽따의 찰나멸론 연구 : Tarkabhasa의 爲他比量章을 중심으로,A study on the theory of momentariness of Moksakaragupta,"목샤까라굽따 , 찰나멸론 , 위타비량장 , Tarkabhasa , 샨따락쉬따",181.43,동국대학교 대학원,46 p.,한국어,,,dept=인도철학
000000026336,김보리,김보리,김보리,원본,,,석사,2007,Aug.07,대학원 인도철학과,황순일,,미망사학파 꾸마릴라의 창조신 비판 : Slokavarttika의 Sambandhaksepaparihara를 중심으로,Kumarila&#039;s Refutation of God as the Creator of the World : Based on the Sambandhaksepaparihara of the Slokavarttika,"미망사학파 , 꾸마릴라 , 미망사 , 베다 , 꾸마릴라 밧따",181.42,동국대학교 대학원,84 p.,한국어,,,dept=인도철학
000000002298,양경인,양경인,양경인,원본,,,석사,2007,Feb.07,대학원 인도철학과,정승석,,인도종교의 수미산 관념에 대한 연구,A Study on the Concept of Sumeru within Indian Religion.,"인도종교 , 수미산 , Concept of Sumer , Indian Religion , 종교예술",181.4,동국대학교 대학원,"ⅳ, 65 p.",한국어,,,dept=인도철학
000000028528,김경춘,김경춘,김경춘,원본,,,박사,2008,Aug.08,대학원 인도철학과,정승석,,상키야 철학에서 Purusa의 享受와 獨存,The Enjoyment and Isolation of the Purusa in the Samkhya Philosophy,"상키야 철학 , Purusa , 향수 , 독존",181.41,동국대학교,"iv, 225 p.",한국어,,,dept=인도철학
000000027214,김진영,김진영,김진영,원본,,,박사,2008,Feb.08,대학원 인도철학과,이지수,,베다제식의 신화적 구조연구 : 쁘라와르갸제(Pravargya祭)와 아슈윈(Asvin)신화를 중심으로,Analysis of the Mythic Framework of a Vedic Ritual On the Pravargya ritual and the Ashvin Myth,"베다제식 , 신화적 구조 , 쁘라와르갸제 , Pravargya祭 , 아슈윈 , Asvin",294.5921,동국대학교 대학원,201 p.,한국어,,,dept=인도철학
000000028582,沈載寬,심재관,심재관,게재검증,,,박사,2008,Aug.08,대학원 인도철학과,서성원,,전투신 스깐다(Skanda) 탄생신화의 기원과 발전 : 힌두신화연구의 한 방법론적 성찰,,"전투신 스깐다(Skanda) , 탄생신화 , 힌두신화연구",294.5925,동국대학교,172장.,한국어,,,dept=인도철학
000000027195,李榮振,이영진,이영진,게재검증,,,박사,2008,Feb.08,대학원 인도철학과,이지수,,공성기술(空性記述)의 두 형태 : 공성기술의 두 형태,The two type of the description of the emptiness(Sunyata),"공성기술 , emptiness , 삼매체험",213.35,동국대학교 대학원,226 p.,한국어,,,dept=인도철학
000000028284,朴雲珍,박운진,박운진,한자음변환,,,석사,2008,Aug.08,대학원 인도철학과,이지수,,비말라미뜨라의 「頓入無分別修義」 연구,On Vimalamitra&#039;s Cig car &#039;jug pa rnam par mi rtog pa&#039;i bsgom don,"비말라미뜨라 , 돈입무분별수의",210.9528,동국대학교,90 p.,한국어,,,dept=인도철학
000000028522,방정란,방정란,방정란,원본,,,석사,2008,Aug.08,대학원 인도철학과,정승석,,Sricakra Yantra 연구 : Srividya 수행 체계를 중심으로,A Study on Sricakra yantra in Srividya school,"Sricakra Yantra , Srividya",294.537,동국대학교,79 p.,한국어,,,dept=인도철학
000000028521,柳泫汀,유현정,유현정,한자음변환,,,석사,2008,Aug.08,대학원 인도철학과,정승석,,두르가 여신 연구 : Devimahatmya를 중심으로,A Study on the Goddess Durga in the Devimahatmya,두르가 여신,294.513,동국대학교,77 p.,한국어,,,dept=인도철학
000000031240,姜大空,강대공,강대공,게재검증,,,석사,2009,Feb.09,대학원 인도철학과,황순일,,독자부(Vatsiputriya)의 뿌드갈라(Pudgala) 연구,A Study of the Vatsiputriya’s Pudagla Theory,"독자부 , 뿌드갈라",211.1,동국대학교 대학원,68 p.,한국어,동국대학교 논문은 저작권에 의해 보호받습니다.,http://www.dcollection.net/handler/dgu/000000031240,dept=인도철학
000000030963,김경빈,김경빈,김경빈,원본,,,석사,2009,Feb.09,대학원 인도철학과,황순일,,와이셰시까학파의 인식론에 대한 세친의 비판,Vasubandhu&#039;s comment on Vaisesika school&#039;s concept of Manas,"와이셰시까학파 , 인식론 , 세친",181.44,동국대학교 대학원,75 p.,한국어,동국대학교 논문은 저작권에 의해 보호받습니다.,http://www.dcollection.net/handler/dgu/000000030963,dept=인도철학
000000033002,심미경,심미경,심미경,원본,,,석사,2009,Aug.09,대학원 인도철학과,김선근,,Mahasatipatthana-Sutta(大念處經)에 나타난 正見 硏究,A Study on the Samma-ditthi in Mahasatipatthana-Sutta,"Mahasatipatthana-Sutta , 대념처경 , 정견",213.11,동국대학교,"iii, 141 p.",한국어,동국대학교 논문은 저작권에 의해 보호받습니다.,http://www.dcollection.net/handler/dgu/000000033002,dept=인도철학
000000032563,韓鎭宇,한진우,한진우,한자음변환,,,석사,2009,Aug.09,대학원 인도철학과,황순일,,들숨·날숨에 대한 사띠(Anapanasati) 수행체계 연구,A Study on the gradual stages of the Anapanasati practice,"들숨 , 날숨 , 사띠(Anapanasati)",214.8,동국대학교,95 p.,한국어,동국대학교 논문은 저작권에 의해 보호받습니다.,http://www.dcollection.net/handler/dgu/000000032563,dept=인도철학
000000038064,심준보,심준보,심준보,원본,,,박사,2010,Feb.10,대학원 인도철학과,정승석,,쉬바파(Saiva) 일원론의 연구 : 재인식론(Pratyabhijna)을 중심으로,A Study on &amp;#346;aiva Monism : focused on Pratyabhijna,"쉬바파 , 일원론 , 재인식론",211.1,동국대학교,235장,한국어,동국대학교 논문은 저작권에 의해 보호받습니다.,http://www.dcollection.net/handler/dgu/000000038064,dept=인도철학
000000038488,정경숙,정경숙,정경숙,원본,,,박사,2010,Aug.10,대학원 인도철학과,김선근,,大韓佛敎曹溪宗 標準本 『金剛經』 硏究 : 漢文 校勘과 한글 飜譯을 中心으로,A study on the standard text &lt;Vajracchedika-prajnaparamita-sutra(金剛經)&gt; of Jogye Order of Korean Buddhism : mainly on the Chinese text comparison and analysis and the Hangul text translation,"대한불교 , 조계종 , 금강경",213.13,동국대학교,337 p.,한국어,동국대학교 논문은 저작권에 의해 보호받습니다.,http://www.dcollection.net/handler/dgu/000000038488,dept=인도철학
000000037780,孔釘模,공정모,공정모,한자음변환,,,석사,2010,Feb.10,대학원 인도철학과,김선근,,法華經의 陀羅尼 硏究 : 법화경의 다라니 연구,A Study of the Dharani in the Saddharma-pundarika-sutra,"법화경 , 다라니",213.14,동국대학교,"ii, 76장.",한국어,동국대학교 논문은 저작권에 의해 보호받습니다.,http://www.dcollection.net/handler/dgu/000000037780,dept=인도철학
000000038062,양영순,양영순,양영순,원본,,,석사,2010,Feb.10,대학원 인도철학과,정승석,,자이나교의 一切知(sarvajnana) 사상 연구,A Study of Omniscience in Jainism,"자이나교 , 일체지사상",294.4,동국대학교,82장,한국어,동국대학교 논문은 저작권에 의해 보호받습니다.,http://www.dcollection.net/handler/dgu/000000038062,dept=인도철학
000000052122,권원제,권원제,권원제,원본,,,박사,2011,Aug.11,대학원 인도철학과,황순일,,&lt;마하짯따리사까숫따(Mahacattarisaka­sutta)&gt;에 나타난 正見 연구 : 漢譯本과의 비교를 중심으로,An Investigation on the Right View (samma-ditthi) As Recorded in the Mahacattarisaka­sutta : Focusing on the Comparison of It with Its Two Chinese Versions,"마하짯따리사까숫따 , 정견",213.11,동국대학교,71장,한국어,동국대학교 논문은 저작권에 의해 보호받습니다.,http://www.dcollection.net/handler/dgu/000000052122,dept=인도철학
000000051157,김승희,김승희,김승희,원본,,,박사,2011,Feb.11,대학원 인도철학과,김선근,,아유르베다(Ayurveda)와 四象醫學의 비교연구 : 체질에 따른 치료법(cikitsa)를 중심으로,A Comparative Study on Ayurveda and Four-Constitutional Medicine : mainly on treatment according to his or her constitution,"아유르베다 , 사상의학 , cikitsa",615.53,동국대학교,219 p.,한국어,동국대학교 논문은 저작권에 의해 보호받습니다.,http://www.dcollection.net/handler/dgu/000000051157,dept=인도철학
000000052121,김지연,김지연,김지연,원본,,,석사,2011,Aug.11,대학원 인도철학과,황순일,,"경량부와 설일체유부의 표업(表業, vijnapti-karman)연구 : &lt;성업론&gt;과 &lt;순정리론&gt;을 중심으로",A Study on Vijnapti-karman(表業) of Sautrantika : Comparing Karmasiddhiprakarana and Nyayanusara,"경량부 , 설일체유부 , 표업 , 성업론 , 순정리론",213.34,동국대학교,98장,한국어,동국대학교 논문은 저작권에 의해 보호받습니다.,http://www.dcollection.net/handler/dgu/000000052121,dept=인도철학
000000052137,문혜진,문혜진,문혜진,원본,,,석사,2011,Aug.11,대학원 인도철학과,황순일,,&lt;위대한 원숭이왕&gt; 자따까(Mahakapi-jataka) 연구,A Investigation on the Mahakapi-jataka,"위대한 원숭이왕 , 자따까",214.4,동국대학교,70장,한국어,동국대학교 논문은 저작권에 의해 보호받습니다.,http://www.dcollection.net/handler/dgu/000000052137,dept=인도철학
000000050992,이현주,이현주,이현주,원본,,,석사,2011,Feb.11,대학원 인도철학과,황순일,,설일체유부의 無表(avijnapti) 연구 : 『구사론』 「업품」에 나타난 무표의 존재증명을 중심으로,A study of the Sarvastivadin&#039;s Avijnapti Theory,"설일체유부 , 무표 , 구사론 , 업품",213.34,동국대학교,66 p.,한국어,동국대학교 논문은 저작권에 의해 보호받습니다.,http://www.dcollection.net/handler/dgu/000000050992,dept=인도철학
000000051384,임주영,임주영,임주영,원본,,,석사,2011,Feb.11,대학원 인도철학과,정승석,,아유르베다(Ayurveda)의 3도샤(tri-dosa)에 관한 연구,The Study of 3 Dosas(tri-dosa) in Ayurveda,"아유르베다 , 3도샤",181.4,동국대학교,94 p.,한국어,동국대학교 논문은 저작권에 의해 보호받습니다.,http://www.dcollection.net/handler/dgu/000000051384,dept=인도철학
000000052787,김재민,김재민,김재민,원본,,,박사,2012,Feb.12,대학원 인도철학과,정승석,,Svara Yoga의 사상과 수행체계 연구,A Study of Thought and P ractice System in Svara Yoga,"Svara Yoga , 수행체계",294.543,동국대학교,"vi, 244장",한국어,동국대학교 논문은 저작권에 의해 보호받습니다.,http://www.dcollection.net/handler/dgu/000000052787,dept=인도철학
000000052464,박종식,박종식,박종식,원본,,,석사,2012,Feb.12,대학원 인도철학과,김선근,,나라다 &lt;박띠수트라(Bhakti Sutra)&gt;의 박띠 사상 연구,A Study on Narada Bhakti Sutra&#039;s bhakti Thoughts,"나라다 , 박띠수트라 , 박띠사상",294.52,동국대학교,88장,한국어,동국대학교 논문은 저작권에 의해 보호받습니다.,http://www.dcollection.net/handler/dgu/000000052464,dept=인도철학
000000054497,현승해,현승해,현승해,원본,,,석사,2012,Aug.12,대학원 인도철학과,황순일,,&lt;위두라현자 본생담(Vidhurapandita-Jataka)&gt;을 통해 본 &lt;토끼전&gt;의 불교적 이미지 연구,,"위두라현자 , 본생담 , 토끼전",217.838,동국대학교,61장,한국어,동국대학교 논문은 저작권에 의해 보호받습니다.,http://www.dcollection.net/handler/dgu/000000054497,dept=인도철학
000000055199,강형철,강형철,강형철,원본,,,박사,2013,Feb.13,대학원 인도철학과,정승석,,상키야와 불교의 찰나멸에 관한 대론 연구 : -Yuktid？pik？를 중심으로,A Study on the Dispute Surrounding Momentariness between S？？khya and Buddhism,Yuktid？pik？,181,동국대학교,203장,한국어,동국대학교 논문은 저작권에 의해 보호받습니다.,http://www.dcollection.net/handler/dgu/000000055199,dept=인도철학
000000056359,구자현,구자현,구자현,원본,,,석사,2013,Aug.13,대학원 인도철학과,Achim Bayer,,한국의 밀교학 연구 : 근래 연구사와 해제목록,Studies of Esoteric Buddhism in Korea: A Historical Sketch and Annotated Bibliography,"&#034;한국 밀교학 연구사&#034; , &#034;해제목록&#034;",219.6,동국대학교,135,한국어,동국대학교 논문은 저작권에 의해 보호받습니다.,http://www.dcollection.net/handler/dgu/000000056359,dept=인도철학
000000055132,김수련,김수련,김수련,원본,,,석사,2013,Feb.13,대학원 인도철학과,황순일,,"초기불교에서 자비의 悲(Karuna)에 대한 연구 : 불교, 초기불교, 자비, 悲, Karuna",A Study on Compassion (Karuna) in Early Buddhism,"불교 , 초기불교 , 자비 , 悲 , Karuna , 까루나 , 구사론 , 청정도론 , 해탈",181,동국대학교,69장,한국어,동국대학교 논문은 저작권에 의해 보호받습니다.,http://www.dcollection.net/handler/dgu/000000055132,dept=인도철학
000000056245,김효원,김효원,김효원,원본,,,석사,2013,Aug.13,대학원 인도철학과,황순일,,"부파불교의 고제관(苦諦觀) 연구 : 『대비바사론』, 『구사론』, 『청정도론』을 중심으로","A Study on Early Buddhist schools’ Views of Duhkha-satya(苦諦) : With Reference to Mahavibhasasastra(大毘婆沙論), Abhidharmakosabhasya(俱舍論) and Visuddhimagga","&#034;고제&#034; , &#034;고성제&#034; , &#034;사성제&#034; , &#034;8고&#034; , &#034;3수&#034; , &#034;3고성&#034;",211.1,동국대학교,64장,한국어,동국대학교 논문은 저작권에 의해 보호받습니다.,http://www.dcollection.net/handler/dgu/000000056245,dept=인도철학
000000056577,이한성,이한성,이한성,원본,,,석사,2013,Aug.13,대학원 인도철학과,황순일,,『무아상경(Anattalakkhaṇa-sutta)』에 나타난 無我 연구,A Study on the Non-Self(anattā) As Recorded in the Anattalakkhaṇa-sutta,"&#034;무아상경&#034; , &#034;Anattalakkhaṇa-sutta&#034; , &#034;무아설&#034; , &#034;비아론&#034;",211.1,동국대학교,77장,한국어,동국대학교 논문은 저작권에 의해 보호받습니다.,http://www.dcollection.net/handler/dgu/000000056577,dept=인도철학
000000055012,조성오,조성오,조성오,원본,,무언,석사,2013,Feb.13,대학원 인도철학과,김호성,,잘리야 숫따(Jaliya sutta) 연구,A study on Jaliya sutta,잘리야 숫따,181,동국대학교,98장,한국어,동국대학교 논문은 저작권에 의해 보호받습니다.,http://www.dcollection.net/handler/dgu/000000055012,dept=인도철학
000000056220,한재희,한재희,한재희,원본,,지화,석사,2013,Aug.13,대학원 인도철학과,황순일,,불수념(buddhanusmrti)과 대승불교의 기원 : 『반주삼매경』을 중심으로,Buddhanusmrti and the Origin of Mahayana Buddhism : Based on Pratyutpanna-buddha-sammukhavasthita-samadhi-sutra,"&#034;불수념&#034; , &#034;대승불교의 기원&#034; , &#034;반주삼매경&#034; , &#034;반주삼매&#034;",181.4,동국대학교,55장,한국어,동국대학교 논문은 저작권에 의해 보호받습니다.,http://www.dcollection.net/handler/dgu/000000056220,dept=인도철학
000000058587,김현덕,김현덕,김현덕,원본,,,박사,2014,Aug.14,대학원 인도철학과,정승석,,파니니(Pāṇini)의 명사격어미 연구 : 『아슈타댜이(Aṣṭādhyāyī)』에 규정된 비박티(vibhakti)를 중심으로 : 파니니(Panini)의 명사격어미 연구,Nominal Case-endings in the Aṣṭādhyāyī of Pāṇini,"파니니 , 비박티 , 명사격어미 , 카라카 , 범어 통사론",491.25,동국대학교,270 p.,한국어,동국대학교 논문은 저작권법에 의해 보호받습니다.,http://www.dcollection.net/handler/dgu/000000058587,dept=인도철학
000000057823,안필섭,안필섭,안필섭,원본,,,박사,2014,Feb.14,대학원 인도철학과,정승석,,「전철학강요」에 개설된 요가사상 연구,Yoga Philosophy in the Sarvadarśanasamgraha,"요가 , 전철학강요 , Sarvadarśanasamgraha",181.4,동국대학교,196 p.,한국어,동국대학교 논문은 저작권에 의해 보호받습니다.,http://www.dcollection.net/handler/dgu/000000057823,dept=인도철학
000000058537,이영석,이영석,이영석,원본,,,박사,2014,Aug.14,대학원 인도철학과,이지수,,『입보리행론』의 보리심론 연구 : 입보리행론의 보리심론 연구,A Study of the Bodhicitta Theory in the Bodhicaryāvatāra,보리심,213.37,동국대학교,"iv, 392 p.",한국어,동국대학교 논문은 저작권법에 의해 보호받습니다.,http://www.dcollection.net/handler/dgu/000000058537,dept=인도철학
000000058804,박경미,박경미,박경미,원본,,혜향,석사,2014,Aug.14,대학원 인도철학과,황순일,,초기불교의 禪定과 智慧에 대한 연구,A Study of Dhyāna-Meditation and Discriminating Insight In the Early Buddhism.,"concentration , wisdom , liberation knowledge",181,동국대학교,"iii, 128 p.",한국어,동국대학교 논문은 저작권법에 의해 보호받습니다.,http://www.dcollection.net/handler/dgu/000000058804,dept=인도철학
000000058791,박현진,박현진,박현진,원본,,,석사,2014,Aug.14,대학원 인도철학과,황순일,,초기불교의 나가(Nāga)신앙 연구,Nāga Cult in Early Buddhism,"나가(Nāga) , 용왕(龍王) , 초기불교 , 나가신앙",211.1,동국대학교,62 p.,한국어,동국대학교 논문은 저작권법에 의해 보호받습니다.,http://www.dcollection.net/handler/dgu/000000058791,dept=인도철학
000000058806,신윤이,신윤이,신윤이,원본,,종성,석사,2014,Aug.14,대학원 인도철학과,정승석,,요가철학의 고관(苦觀)연구 : Yogasūtrabhāṣyavivaraṇa와 Yogavārttika를 중심으로 : 요가철학의 고관연구,,"duhkha , 요가 수트라 , Yogasūtrabhāṣyavivaraṇa , Yogavārttika",181.45,동국대학교,64 p.,한국어,동국대학교 논문은 저작권법에 의해 보호받습니다.,http://www.dcollection.net/handler/dgu/000000058806,dept=인도철학
000000057665,이견명,이견명,이견명,원본,,,석사,2014,Feb.14,대학원 인도철학과,황순일,,아쇼까왕과 제3결집의 위상에 관한 연구 : 까타왓투(kathavatthu-attakatha) 서문을 중심으로,The study on King Aśoka and the status of Third Council : centered on the preface of Kathāvatthu-aṭṭhakathā,"아쇼까왕 , 승단정화 , 까타왓투",215.6,동국대학교,78 p.,한국어,동국대학교 논문은 저작권에 의해 보호받습니다.,http://www.dcollection.net/handler/dgu/000000057665,dept=인도철학
000000058638,이정철,이정철,이정철,원본,,대공,석사,2014,Aug.14,대학원 인도철학과,김호성,,"왕생극락(往生極樂)관념의 성립에 대한 연구 : 생천론(生天論, Saggakathā)과 관련하여 : 왕생극락 관념의 성립에 대한 연구",A study on the Establishment of the Idea of The blissful rebirth in the Pure Land,"왕생극락 , 생천",211,동국대학교,"ii, 95 p.",한국어,동국대학교 논문은 저작권법에 의해 보호받습니다.,http://www.dcollection.net/handler/dgu/000000058638,dept=인도철학
000000058808,임혜정,임혜정,임혜정,원본,,,석사,2014,Aug.14,대학원 인도철학과,정승석,,판차다쉬(Pañcadaśī)에 나타난 상키야요가 사상,A study on SāṃkhyaYoga thought in the Pañcadaśĩ,"Pañcadaśī , Advaita-Vedāndta , sat-cit-ānanda , Mādhava , Sāṃkhya , Yoga",181.482,동국대학교,93 p.,한국어,동국대학교 논문은 저작권법에 의해 보호받습니다.,http://www.dcollection.net/handler/dgu/000000058808,dept=인도철학
000000066488,박기열,박기열,박기열,원본,,,박사,2015,Feb.15,대학원 인도철학과,정승석,,지넨드라붓디(Jinendrabuddhi)의 현량론(現量論) 연구,Jinendrabuddhi’s Pratyakṣa,"지넨드라붓디 , 현량 , 직접지각 , 자기인식 , 디그나가 , 다르마키르티",211.810954,동국대학교,273 p.,한국어,동국대학교 논문은 저작권법에 의해 보호받습니다.,http://www.dcollection.net/handler/dgu/000000066488,dept=인도철학
000000067565,최지연,최지연,최지연,원본,,,박사,2015,Aug.15,대학원 인도철학과,정승석,,자이나교의 다면론에 대한 불교의 비판 연구 : Tattvasa?graha sy?dv?da장을 중심으로,A study of Buddhist critique on the Jain manifoldness theory : focusing on Sy?dv?da-parik?a of Tattvasa?graha,"자이나 , 불교인식론 , Tattvasa?graha , sy?dv?da , anek?ntav?da , 다면론",294.4,동국대학교,"iii, 147 p.",한국어,동국대학교 논문은 저작권법에 의해 보호받습니다.,http://www.dcollection.net/handler/dgu/000000067565,dept=인도철학
000000067580,고대석,고대석,고대석,원본,,설각,석사,2015,Aug.15,대학원 인도철학과,정승석,,상키야 철학의 영상설(影像說)에 대한 청변(清辯)의 해석 : 상키야 철학의 영상설에 대한 청변의 해석,Bhāvaviveka&#039;s Interpretation of the Pratibimba Theory in Saṃkhya Philosophy,"상키야 , 영상설 , 청변 , 푸루샤 , 붓디",181.41,동국대학교,88 p.,한국어,동국대학교 논문은 저작권법에 의해 보호받습니다.,http://www.dcollection.net/handler/dgu/000000067580,dept=인도철학
000000066485,김용운,김용운,김용운,원본,,,석사,2015,Feb.15,대학원 인도철학과,정승석,,미륵신앙의 중국적 변용과 전개,The Maitreya Faith in China: Its Adaptation and Development,미륵신앙,210.952,동국대학교,67 p.,한국어,동국대학교 논문은 저작권법에 의해 보호받습니다.,http://www.dcollection.net/handler/dgu/000000066485,dept=인도철학
000000066173,양길영,양길영,양길영,원본,,,석사,2015,Feb.15,대학원 인도철학과,황순일,,샤리뿌뜨라와 마우드갈야야나의 귀의에 대한 연구 : MAHĀVASTU의 에피소드를 중심으로,A study on the conversion to Buddhism of Śāriputra and Maudgalyāyana:Focusing on the episode in the MAHĀVASTU,"샤리뿌뜨라 , 마우드갈야야나 , MAHĀVASTU",213.12,동국대학교,"ii, 75 p.",한국어,동국대학교 논문은 저작권법에 의해 보호받습니다.,http://www.dcollection.net/handler/dgu/000000066173,dept=인도철학
000000066284,여지원,여지원,여지원,원본,,,석사,2015,Feb.15,대학원 인도철학과,황순일,,Authenticity and Feminicity of Theravāda Buddhism in the Legacy of the Bhikkhunī Saṅghamittā,,"상가미따 , 비구니 , 남방불교 , 테라와다",210.95493,동국대학교,"ii, 57p.",영어,동국대학교 논문은 저작권법에 의해 보호받습니다.,http://www.dcollection.net/handler/dgu/000000066284,dept=인도철학
000000067574,이슬기,이슬기,이슬기,원본,,,석사,2015,Aug.15,대학원 인도철학과,정승석,,샨따락시따의 상키야 자아론 비판 : Tattvasa?graha의 ?tmapar?k??장을 중심으로,,"Tattvasa?graha , 땃뜨와상그라하 , 자아론 , 아뜨만 , 상키야 , 뿌루샤 , 샨따락시따 , 까말라쉴라 , 불교인식론 , 불교논리학",181.41,동국대학교,79 p.,한국어,동국대학교 논문은 저작권법에 의해 보호받습니다.,http://www.dcollection.net/handler/dgu/000000067574,dept=인도철학
000000066400,최정윤,최정윤,최정윤,원본,,,석사,2015,Feb.15,대학원 인도철학과,정승석,,크리슈나무르티의 자유론에 관한 연구,A Study on the Libertarianism of Krishnamurti,"무시간 , 자아소멸 , 진리",104,동국대학교,121 p.,한국어,동국대학교 논문은 저작권법에 의해 보호받습니다.,http://www.dcollection.net/handler/dgu/000000066400,dept=인도철학
000000066406,황유원,황유원,황유원,원본,,,석사,2015,Feb.15,대학원 인도철학과,정승석,,『바가바드기따』(Bhagavadgītā)의 제사(yajña) 개념 연구 : 바가바드기따의 제사 개념 연구,A Study on the Concept of Yajña in the Bhagavadgītā,"바가바드기따 , 바가바드기타 , 야즈냐 , 야갸 , 제사 , Bhagavadgita , Yajna",294.5924,동국대학교,87p.,한국어,동국대학교 논문은 저작권법에 의해 보호받습니다.,http://www.dcollection.net/handler/dgu/000000066406,dept=인도철학
000000069174,차유만,차유만,차유만,원본,,,박사,2016,Feb.16,대학원 인도철학과,정승석,,불전에서 구사한 산수의 용례와 의의,Illustration and Meaning of Mathematics Applied in the Buddhist Scripture,"불교 산수의 토대 , 불전들의 산수 적용 , 중국 불교에서 이해한 인도의 산수",181,동국대학교,"vi, 200 p.",한국어,동국대학교 논문은 저작권법에 의해 보호받습니다.,http://www.dcollection.net/handler/dgu/000000069174,dept빈값+제목인도철학
000000074913,류현정,류현정,류현정,원본,,,박사,2017,Feb.17,대학원 인도철학과,정승석,,"희곡 『 나가난다 』(Nāgānanda) 연구 : 제1, 4, 5막의 불교적 요소를 중심으로","A Study on the Nāgānanda: Dramatic Analysis and the Buddhist Elements in the Act I, IV and V","나가난다 , 산스크리트 희곡 , 나티야샤스트라 , 인도 문학 , 불교 문학",181,동국대학교,209p.,한국어,동국대학교 논문은 저작권법에 의해 보호받습니다.,http://www.dcollection.net/handler/dgu/000000074913,dept=인도철학
000000076083,박수영,박수영,박수영,원본,,,박사,2017,Aug.17,대학원 인도철학과,김호성,,바르뜨리하리(Bhartṛhari)의 시간 개념,Bhartṛhari’s Concept of Time,"시간(kAla) , 행위(kriyA) , 존재(sattva) , 생성(bhAva) , 의제적 현재(specious present)",181,동국대학교,238 p.,한국어,동국대학교 논문은 저작권법에 의해 보호받습니다.,http://www.dcollection.net/handler/dgu/000000076083,dept=인도철학
000000076064,노정주,노정주,노정주,원본,,,석사,2017,Aug.17,대학원 인도철학과,정승석,,初轉法輪에서 三轉十二行相의 역할 : Saṅghabhedavastu와 Pāli Vinayapiṭaka를 비교 중심으로,The role of the twelve applications in the three turns of the wheel of the law in the first turning of the wheel of the Dharma: Focusing on the Comparison between Saṅghabhedavastu and Pāli Vinayapiṭaka,"Saṅghabhedavast , Pāli Vinayapiṭaka , 4성제 , 3전12행상",181,동국대학교,"ii, 72p.",한국어,동국대학교 논문은 저작권법에 의해 보호받습니다.,http://www.dcollection.net/handler/dgu/000000076064,dept=인도철학
000000074681,이혜빈,이혜빈,이혜빈,원본,,,석사,2017,Feb.17,대학원 인도철학과,황순일,,A Comparative Study on the Brāhmaṇa chapter in the Dharmapada : on the basis of the Gāndhārī version,,"Dharmapada , Gāndhāri , Brāhmaṇa , Dhammapada , 법구경",181,동국대학교,"iii, 107p.",영어,동국대학교 논문은 저작권법에 의해 보호받습니다.,http://www.dcollection.net/handler/dgu/000000074681,dept=인도철학
000000074627,전민희,전민희,전민희,원본,,,석사,2017,Feb.17,대학원 인도철학과,정승석,,태국의 RAMAKIEN 연구 : Rāmāyaṇa의 수용을 중심으로,The Study on RAMAKIEN of Thailand : Transmission and Acceptance of the Rāmāyaṇa,"Ramakien , 라마키엔 , 라마야나 , 태국",181,동국대학교,125 p.,한국어,동국대학교 논문은 저작권법에 의해 보호받습니다.,http://www.dcollection.net/handler/dgu/000000074627,dept=인도철학
000000076080,최선아,최선아,최선아,원본,,,석사,2017,Aug.17,대학원 인도철학과,김선근,,히란야가르바(Hiraṇyagarbha) 연구 : 샹카라(Sankara)의 우파니샤드 해석을 중심으로,A Study on the Hiraṇyagarbha: With a Focus on Śaṅkara&#039;s Upaniṣad Bhāṣya �,"히란야가르바 , Hiraṇyagarbha , 샹카라 , Śaṅkara , 브라마 , brahmā , 베단타 , vedānta , rajas , nāmarupa , catursthānavāda , Aum , 우파니샤드 , Upaniṣad , 리그베다 , Ṛg Veda",181,동국대학교,87 p.,한국어,동국대학교 논문은 저작권법에 의해 보호받습니다.,http://www.dcollection.net/handler/dgu/000000076080,dept=인도철학
000000077758,이영일,이영일,이영일,원본,,,박사,2018,Aug.18,대학원 인도철학과,정승석,,결가부좌의 전개와 수행론적 의의,The Development and the Practical Significance of Gyeolgabujwa,"결가부좌 , 좌법 , 간다라 , pallaṅka(paryaṅka) , 좌선 , 길상좌 , 항마좌",181,동국대학교,294p.,한국어,동국대학교 논문은 저작권에 의해 보호받습니다.,http://www.dcollection.net/handler/dgu/000000077758,dept=인도철학
000000077803,이윤희,이윤희,이윤희,원본,,,박사,2018,Aug.18,대학원 인도철학과,정승석,,법화경(法華經)의 법사(法師)에 대한 연구 : ｢법사품｣(法師品)과 ｢법사공덕품｣(法師功德品)을 중심으로,A Study on Preachers in the Lotus Sutra : Focusing on Chapter 10 “The Preacher”and Chapter 19 “The Advantages of a Religious Preacher”,"법화경(Saddharmapūņdarika-sūtra) , 법사(法師 , dharma-bhāṇaka) , 여래사(如來使 , Tathāgata-dūta) , 일승(一乘 , ekayāna)",210,동국대학교,"iv, 264p.",한국어,동국대학교 논문은 저작권에 의해 보호받습니다.,http://www.dcollection.net/handler/dgu/000000077803,dept=인도철학
000000077791,이진아,이진아,이진아,원본,,,석사,2018,Aug.18,대학원 인도철학과,정승석,,Kali Ray의 TriYoga에 대한 고찰,TriYoga As Ancient Yoga In Modern Times,"하타요가 , 현대요가 , 체위요가 , 고전요가 , 초기하타요가 , 후기하타요가 , TriYoga , Kali Ray",181,동국대학교,110p.,한국어,동국대학교 논문은 저작권에 의해 보호받습니다.,http://www.dcollection.net/handler/dgu/000000077791,dept=인도철학
000000079659,강대공,강대공,강대공,원본,,,박사,2019,Aug.19,일반대학원 인도철학과,황순일,,불족적의 상징체계 연구 : 108 길상의 형성과 두 가지 pada의 발전,A Study on the Footprint of the Buddha: Formation of 108 auspicious (maṅgala) and the Development of two Pada&#039;s tradition,"불족적 , 붓다빠다 , 길상 , 동남아시아 , 태국 , 번뇌 , 108 , 담마라자 , 데와라자",181,동국대학교,146p.,한국어,동국대학교 논문은 저작권에 의해 보호받습니다.,http://www.dcollection.net/handler/dgu/000000079659,dept=인도철학
000000079615,박종식,박종식,박종식,원본,,,박사,2019,Aug.19,일반대학원 인도철학과,정승석,,『치선병비요경』의 불교의학 연구,,"부정관 , 불교의학 , 선병 , 선경 , 관경 , 인도의학 , 저거경성 , 대증적 치료 , 수슈르타 상히타 , 치선병 비요경 , 차라카 상히타",181,동국대학교,"iv, 234p.",한국어,동국대학교 논문은 저작권에 의해 보호받습니다.,http://www.dcollection.net/handler/dgu/000000079615,dept=인도철학
000000079708,양영순,양영순,양영순,원본,,,박사,2019,Aug.19,일반대학원 인도철학과,정승석,,자이나교의 요가 명상론 연구 : Yogaśāstra에 나타난 탄트라 요가와 비교하여,A Study of the Yoga and Meditation theory in Jainism : with Special Reference to Yogaśāstra Compared with Tantra Yoga,"Yogaśāstra , 요가샤스트라 , Hemacandra , 헤마찬드라 , 자이나교 수행 , 자이나교 요가 명상 , Śukla dhyāna , 순수명상 , Dharma dhyāna 다르마명상 , 탄트라 요가",181,동국대학교,"ⅵ, 329p.",한국어,동국대학교 논문은 저작권에 의해 보호받습니다.,http://www.dcollection.net/handler/dgu/000000079708,dept=인도철학
000000078442,이병재,이병재,이병재,원본,,,석사,2019,Feb.19,대학원 인도철학과,정승석,,Sabbāsava-sutta에 나타난 āsava에 대한 연구,The Study on &#039;āsava&#039; in Sabbāsava-sutta,"번뇌 , 유루 , 초기불교 , 불교 , 극복 , āsava , 견해 , 단속 , 수용 , 인내 , 회피 , 제거 , 수행",181,동국대학교,121p.,한국어,동국대학교 논문은 저작권에 의해 보호받습니다.,http://www.dcollection.net/handler/dgu/000000078442,dept=인도철학
000000081234,국광희,국광희,국광희,원본,,世仁,박사,2020,Aug.20,일반대학원 인도철학과,정승석,,한국 불교의례의 인도적(印度的) 연원과 설행(設行),,"범패 , 베다 제의 , 수륙재 , 영산재 , 반승",181,동국대학교,186,한국어,동국대학교 논문은 저작권에 의해 보호받습니다.,http://www.dcollection.net/handler/dgu/000000081234,dept=인도철학
000000080567,손경록,손경록,손경록,원본,,,박사,2020,Feb.20,일반대학원 인도철학과,정승석,,소마난다의 재인식론 연구 : Sivadrsti 제1-3장을 중심으로,A study on the Somananda&#039;s Pratyabhijna Theory,"소마난다 , 재인식론 , 바르트르하리 , 언어철학",181,동국대학교,"v, 203p.",한국어,동국대학교 논문은 저작권에 의해 보호받습니다.,http://www.dcollection.net/handler/dgu/000000080567,dept=인도철학
000000081186,Rev Buddama Vimala Thero,Rev Buddama Vimala Thero,Rev Buddama Vimala Thero,원본,,,석사,2020,Aug.20,일반대학원 인도철학과,황순일,,THE CONCEPT OF MIND (CITTA) IN THE EARLY BUDDHISM : (An Analytical Study Based on Canonical and Commentarial Texts),,&#034;only english&#034;,181,동국대학교,"ix,141p.&#039;",영어,동국대학교 논문은 저작권에 의해 보호받습니다.,http://www.dcollection.net/handler/dgu/000000081186,dept=인도철학
000000081156,구본수,구본수,구본수,원본,,,석사,2020,Aug.20,일반대학원 인도철학과,정승석,,『석보상절』의 라훌라 출가담 연구,,"석보상절 , 라훌라 , 세조",,동국대학교,62p.,한국어,동국대학교 논문은 저작권에 의해 보호받습니다.,http://www.dcollection.net/handler/dgu/000000081156,dept=인도철학
000000080502,김문선,김문선,김문선,원본,,,석사,2020,Feb.20,일반대학원 인도철학과,김호성,,세친의 『무량수경우파제사 원생게』 연구,,"세친 , 『무량수경우파제사 원생게』 , 『정토론』",181,동국대학교,114p.,한국어,동국대학교 논문은 저작권에 의해 보호받습니다.,http://www.dcollection.net/handler/dgu/000000080502,dept=인도철학
000000081236,김영돈,김영돈,김영돈,원본,,,석사,2020,Aug.20,일반대학원 인도철학과,정승석,,十方世界의 一佛과 多佛 논쟁 : 北傳 阿毘達磨를 중심으로,Debate Of One Buddha(一佛) and Many Buddhas(多佛 ) In The Ten Direction World Systems(十方世界),"시방세계 , 일불 , 다불",181,동국대학교,119p,한국어,동국대학교 논문은 저작권에 의해 보호받습니다.,http://www.dcollection.net/handler/dgu/000000081236,dept=인도철학
000000081192,정수함,정수함,정수함,원본,,,석사,2020,Aug.20,일반대학원 인도철학과,황순일,,『삼율의결정론』에 나타난 티베트불교 닝마파의 계율사상,,"삼율의(三律儀) , 삼율의결정론(三律儀決定論) , 응아리 뺀첸 뻬마 왕겔 , 대원만(大圓滿) , 구차제승(九次第乘) , 별해탈율의 , 보살율의 , 진언율의 , 삼율의의 통합",181,동국대학교,159p.,한국어,동국대학교 논문은 저작권에 의해 보호받습니다.,http://www.dcollection.net/handler/dgu/000000081192,dept=인도철학
000000080503,최윤제,최윤제,최윤제,원본,,,석사,2020,Feb.20,일반대학원 인도철학과,정승석,,아쉬탕가 요가의 정체성과 Paramparā의 의의,Identity of Aṣṭāṅga Yoga and Paramparā,"현대 요가 , 아쉬탕가 요가 , 하타 요가 , Paramparā ,",181,동국대학교,74p.,한국어,동국대학교 논문은 저작권에 의해 보호받습니다.,http://www.dcollection.net/handler/dgu/000000080503,dept=인도철학
000000081714,최인석,최인석,최인석,원본,,,석사,2020,Aug.20,일반대학원 인도철학과,김호성,,비트겐슈타인(Wittgenstein)과 용수( Nagarjuna)의 언어관 비교 연구 : 유사성을 중심으로,A comparative study on language of Wittgenstein and Nagarjuna,"비트겐슈타인 , 나가르주나 , 언어관 비교 , 유사성 , 언어 비판 , 언어 한계 , 언어 치유",181,동국대학교,127,한국어,동국대학교 논문은 저작권에 의해 보호받습니다.,http://www.dcollection.net/handler/dgu/000000081714,dept=인도철학
000000082354,김유리,김유리,김유리,원본,,,박사,2021,Feb.21,일반대학원 인도철학과,서왕모,,차명상(茶冥想)의 이해와 발전방안 : -인성교육으로서의 역할을 중심으로-,A Study on the Understanding and Development of Tea Meditation : Focusing on the Role of Personality Character Education,"차명상 , 인성교육 , 불성 , 계정혜 , 삼학 , 대승불교",,동국대학교,"ii, 184p.",한국어,동국대학교 논문은 저작권에 의해 보호받습니다.,http://www.dcollection.net/handler/dgu/000000082354,dept=인도철학
000000082951,임혜정,임혜정,임혜정,원본,,,박사,2021,Aug.21,일반대학원 인도철학과,정승석,,『요가야갸발꺄』(Yogayājñavalkya) 연구,A Study of Yogayājñavalkya,"Yogayājñavalkya , 지혜 요가(jñāna-yoga) , 행위 요가(karama- yoga) , 지행합일설(jñāna-karma-samuccaya-vāda) , 8지 요가(aṣṭāṅga-yoga) , 아드바이따 베단따(Advaita-Vedāndta) , 윤회의 길(pravartaka) , 해탈의 길(nivartaka) ,",,동국대학교 일반대학원,"iv, 179 p.",한국어,동국대학교 논문은 저작권에 의해 보호받습니다.,http://www.dcollection.net/handler/dgu/000000082951,dept=인도철학
000000082163,황갑수,황갑수,황갑수,원본,,,박사,2021,Feb.21,일반대학원 인도철학과,정승석,,한국불교 관욕의식(灌浴儀式) 연구 : 경전적 근거와 설행(設行),A Bathing Rite in Korean Buddhism : Scripture Sources and Implementations,"관욕의식 , 한국관욕 , 불교의식 , 상단관욕 , 중단관욕 , 하단관욕 , 인도의식 , 제식주의 , 중국의식 , 욕불 , 관불 , 엄정팔방 , 개계문 , saṃskāra , 정화의식 , 관정의식 , 법수.",181,동국대학교,219p.,한국어,동국대학교 논문은 저작권에 의해 보호받습니다.,http://www.dcollection.net/handler/dgu/000000082163,dept=인도철학
000000082202,강원주,강원주,강원주,원본,,,석사,2021,Feb.21,일반대학원 인도철학과,황순일,,구차제정과 열반에 관한 연구 : 빨리 삼장(tipiṭaka)을 중심으로,A Study on the Nine Graduated Stages of Concentrations and Nibbāna: Focused on the Pāli tipiṭaka,"구차제정 , 유여열반 , 무여열반 , 색계 4선 , 무색계 4선정 , 상수멸",181,동국대학교,"ii, 94p.",한국어,동국대학교 논문은 저작권에 의해 보호받습니다.,http://www.dcollection.net/handler/dgu/000000082202,dept=인도철학
000000082729,고희원,고희원,고희원,원본,,,석사,2021,Aug.21,일반대학원 인도철학과,황순일,,불타전 안의 사문유관 에피소드의 의의에 관한 연구,A Study on the Significance of the Four Passing Sights at Four Gates in Biographies of Buddha,"사문유관 , Lalitavistara , Mahavastu , Buddhacarita",,동국대학교 일반대학원,92 p.,한국어,동국대학교 논문은 저작권에 의해 보호받습니다.,http://www.dcollection.net/handler/dgu/000000082729,dept=인도철학
000000082496,송진영,송진영,송진영,원본,,,석사,2021,Feb.21,일반대학원 인도철학과,정승석,,붓다의 비구니 11대 제자에 대한 고찰 : -테리가타 주석(Therīgāthā Aṭṭhakathā)을 중심으로-,,"테리가타 , 테리가타 주석서 , 11대 비구니 제자",181,동국대학교,67p.,한국어,동국대학교 논문은 저작권에 의해 보호받습니다.,http://www.dcollection.net/handler/dgu/000000082496,dept=인도철학
000000082392,이영주,이영주,이영주,원본,,,석사,2021,Feb.21,일반대학원 인도철학과,정승석,,『大乘廣百論釋論』의 수론(Sāṃkhya)연구,A Study Sāṃkhya of Mahāyāna-catuḥśatakaṭīkā-śāstra,"상키야 , 구사론 , 대승광백론석론 , 세친 , 호법",181,동국대학교,91p.,한국어,동국대학교 논문은 저작권에 의해 보호받습니다.,http://www.dcollection.net/handler/dgu/000000082392,dept=인도철학
000000084624,고대석,고대석,고대석,원본,,,박사,2022,Aug.22,,정승석,,불교에서 호국의 사상과 사례 연구 : -한국불교의 사례를 중심으로-,The Study on Thought and Instances of Protecting the Country in Buddhism : Focusing on Instances of Korean Buddhism,,,동국대학교 일반대학원,225 p.,한국어,동국대학교 논문은 저작권에 의해 보호받습니다.,http://www.dcollection.net/handler/dgu/000000084624,dept빈값+제목인도철학
000000083832,김영호,김영호,김영호,원본,,명본,박사,2022,Feb.22,,정승석,,불설별미후경의 연원과 변용 연구 : —Śiśumāra와 Makara의 활용을 중심으로—,,,181,동국대학교 일반대학원,146 p.,한국어,동국대학교 논문은 저작권에 의해 보호받습니다.,http://www.dcollection.net/handler/dgu/000000083832,dept빈값+제목인도철학
000000084078,김원주,김원주,김원주,원본,,,박사,2022,Feb.22,,황순일,,대인상(Mahāpuriṣa-lakkhaṇa) 개념의 성립 연구 : 『락카나숫따(Lakkhaṇasutta)』를 중심으로,A Study on the Genesis of Mahāpuriṣa-lakkhaṇa : with Focus on Lakkhaṇasutta,,,동국대학교 일반대학원,"iii, 193 p.",한국어,동국대학교 논문은 저작권에 의해 보호받습니다.,http://www.dcollection.net/handler/dgu/000000084078,dept빈값+제목인도철학
000000084699,박경미,박경미,박경미,원본,,,박사,2022,Aug.22,,정승석,,여래장과 공성의 관계 연구 : -갤찹(rGyal tshab)의 『보성론 티카』를 중심으로—,A Study on the Relation between the Buddha Nature and Emptiness Doctrine --Focusing on rGyal tshab of the Ratnagotravibhāga--,,,동국대학교 일반대학원,"iv, 198 p.",한국어,동국대학교 논문은 저작권에 의해 보호받습니다.,http://www.dcollection.net/handler/dgu/000000084699,dept빈값+제목인도철학
000000084570,최현성,최현성,최현성,원본,,,박사,2022,Aug.22,,정승석,,현대 명상의 연원과 실용성 연구 : 마음챙김과 요가를 중심으로,A Study on the Origin and Practicality of Contemporary Meditation : Focusing on mindfulness and yoga,,,동국대학교 일반대학원,"v, 252p",한국어,동국대학교 논문은 저작권에 의해 보호받습니다.,http://www.dcollection.net/handler/dgu/000000084570,dept빈값+제목인도철학
000000083766,강지훈,강지훈,강지훈,원본,,원준,석사,2022,Feb.22,,황순일,,Poṭṭhapāda Sutta(D9)에 나타난 불교의 자아(attā) 인식 연구,,,181,동국대학교 일반대학원,83 p.,한국어,동국대학교 논문은 저작권에 의해 보호받습니다.,http://www.dcollection.net/handler/dgu/000000083766,dept빈값+제목인도철학
000000084975,박 현 명,박현명,박현명,원본,,,석사,2022,Aug.22,,김호성,,감뽀빠의 『해탈장엄론』연구: 「지혜 바라밀」장을 중심으로,A Study on the Chapter of the Perfection of Wisdom (Prajñāpāramitā) of Gampopa’s Ornamemt of Precious Liberation (Thar pa rin po che’i rgyan),,,동국대학교 일반대학원,134 p.,한국어,동국대학교 논문은 저작권에 의해 보호받습니다.,http://www.dcollection.net/handler/dgu/000000084975,dept빈값+제목인도철학
000000084204,윤재현,윤재현,윤재현,원본,,,석사,2022,Feb.22,,황순일,,제법무아와 윤회에 관한 연구,A Study on the anattā and saṃsāra,,181,동국대학교 일반대학원,"ii, 97 p.",한국어,동국대학교 논문은 저작권에 의해 보호받습니다.,http://www.dcollection.net/handler/dgu/000000084204,dept빈값+제목인도철학
000000084876,최선혜,최선혜,최선혜,원본,,,석사,2022,Aug.22,,황순일,,빨리어본 자따까(Jātaka)에 나타난 꿈(supina)에 관한 연구 : -유형 분석 및 ‘현자의 꿈 해석’ 모티프를 중심으로-,A Study on the supina in the Pāli Jātaka : Focusing on the Type Analysis of the supina and the Motif of ‘Wise man’s Dream Interpretation’,,,동국대학교 일반대학원,"ii, 92 p.",한국어,동국대학교 논문은 저작권에 의해 보호받습니다.,http://www.dcollection.net/handler/dgu/000000084876,dept빈값+제목인도철학
000000085612,구자현,구자현,구자현,원본,,,박사,2023,Feb.23,,한재희,,The Interdisciplinary Study about Sasipgujae (四十九齋) : Based on the Theory of Antarābhava,,,,동국대학교 일반대학원,202 p.,영어,동국대학교 논문은 저작권에 의해 보호받습니다.,http://www.dcollection.net/handler/dgu/000000085612,dept빈값+제목인도철학
000000086587,이병재,이병재,이병재,원본,,,박사,2023,Aug.23,일반대학원 인도철학과,정승석,,Metta-sutta 주석에 대한 연구 : Paramatthajotikā를 중심으로 : Metta-sutta 주석에 대한 연구: Paramatthajotikā를 중심으로,A study on the commentary of Metta-sutta: Focusing on Paramatthajotikā,"초기불교 , 자애 , 자애경 , 자애수행 , 자애경 주석",181,동국대학교 일반대학원,"iv, 280 p.",한국어,동국대학교 논문은 저작권법에 의해 보호받습니다,http://www.dcollection.net/handler/dgu/000000086587,dept=인도철학
000000085538,이연주,이연주,이연주,원본,,,박사,2023,Feb.23,,황순일,,동남아시아 불전 연구 : 불전의 형성 배경과 Jambūpati sutta의 고찰을 중심으로,,,,동국대학교 일반대학원,260 p.,한국어,동국대학교 논문은 저작권에 의해 보호받습니다.,http://www.dcollection.net/handler/dgu/000000085538,dept빈값+제목인도철학
000000085464,김출곤,김출곤,김출곤,원본,,,석사,2023,Feb.23,,황순일,,四無色定의 불교적 수용에 대한 비판적 연구,A Critical Study on the Buddhist Acceptance of four Formless Spheres,,,동국대학교 일반대학원,"iv, 149 p.",한국어,동국대학교 논문은 저작권에 의해 보호받습니다.,http://www.dcollection.net/handler/dgu/000000085464,dept빈값+제목인도철학
000000085844,박하정,박하정,박하정,원본,,,석사,2023,Feb.23,,황순일,,불교의 자틸라(Jaṭila) 비판을 통한 고행의 현대적 의미 고찰,A modern interpretation of asceticism through the Buddhist critics on Jaṭila,,,동국대학교 일반대학원,"iii, 92 p.",한국어,동국대학교 논문은 저작권에 의해 보호받습니다.,http://www.dcollection.net/handler/dgu/000000085844,dept빈값+제목인도철학
000000087673,한대성,한대성,한대성,원본,,,박사,2024,Feb.24,일반대학원 인도철학과,서왕모,,『숫타니파타』 ｢팔게품(八偈品)｣에 관한 연구,An Analysis of “the Aṭṭhakavagga” of Suttanipāta,"숫타니파타 , 팔게품 , 무견",181,동국대학교 일반대학원,"iv, 280 p.",한국어,동국대학교 논문은 저작권법에 의해 보호받습니다,http://www.dcollection.net/handler/dgu/000000087673,dept=인도철학
000000087739,오영국,오영국,오영국,원본,,,석사,2024,Feb.24,일반대학원 인도철학과,한재희,,인도-그리스 불교와 피로니즘에 관한 연구,A STUDY ON INDO-GREEK BUDDHISM AND PYRRHONISM,"인도-그리스 , 인도-그리스 불교 , 헬레니즘 , 피로니즘 , 불교",,동국대학교 일반대학원,87 p.,한국어,동국대학교 논문은 저작권법에 의해 보호받습니다,http://www.dcollection.net/handler/dgu/000000087739,dept=인도철학
000000087944,우연,우연,우연,원본,,,석사,2024,Feb.24,일반대학원 인도철학과,황순일,,스리랑카 캔디(Srilanka-Kandy) 부처님의 치아사리에 관한 연구,"The study of The Temple of the Sacred Tooth Relic in Kandy, Sri Lanka","스리랑카 , 켄디 , 부처님 , 치아사리 , 사리 분배 , 다바의식",181,동국대학교 일반대학원,"VIII, 63 p.",한국어,동국대학교 논문은 저작권법에 의해 보호받습니다,http://www.dcollection.net/handler/dgu/000000087944,dept=인도철학
000000087774,조하나,조하나,조하나,원본,,,석사,2024,Feb.24,일반대학원 인도철학과,황순일,,찟따 장자의 설법을 통한 초기불전 설법 연구 : 「찟따 상윳따(Citta Saṃyutta)」를 중심으로,A Study of the Householder Citta&#039;s Sermons in the Citta Saṃyutta,"니까야 , 상윳따 니까야 , 초기불교 , 초기불전 , 재가자 , 재가불자 , 재가불교 , 설법 , 찟따 장자 , 찟따 상윳따",181,동국대학교 일반대학원,123 p.,한국어,동국대학교 논문은 저작권법에 의해 보호받습니다,http://www.dcollection.net/handler/dgu/000000087774,dept=인도철학
000000089972,정현우,정현우,정현우,원본,,,석사,2025,Feb.25,일반대학원 인도철학과,황순일,,빨리 율장에 나타난 paṇḍaka연구 : 마하 박가를 중심으로,A Study of Paṇḍaka in the Pāli Vinaya:Focusing on the Mahāvagga,"비나야 , 초기불교 , 판다카",,동국대학교 일반대학원,54p,한국어,동국대학교 논문은 저작권법에 의해 보호받습니다,http://www.dcollection.net/handler/dgu/000000089972,dept=인도철학
000000092384,정우현,정우현,정우현,원본,,,석사,2026,Feb.26,일반대학원 인도철학과,고영섭,,Reinterpreting Asian Religious Philosophy through the Doctrine of Momentariness: An Integrative Study of Buddhist and Hindu Metaphysical and Soteriological Aims : The Unity of Alayavijñãna and Tathāgatagarbha in Wonhyo&#039;s Philosophy of One Mind,,,,동국대학교 일반대학원,404 p.,영어,동국대학교 논문은 저작권법에 의해 보호받습니다,http://www.dcollection.net/handler/dgu/000000092384,dept=인도철학
