artiId,pub_year,pub_mon,통권,volume,categories,title_ko,title_en,authors
ART003334836,2026,04,76,,철학,중국과 인도의 우주본체론 비교 고찰 - 『태극도설』과 SāṃkhyaKārikā 의 전변설을 중심으로 -,A Comparative Study of Chinese and Indian Cosmological Ontology,권윤영(동국대학교)
ART003334842,2026,04,76,,철학,『마하바라타』 지옥 서사의 구조와 윤리적 기능,The Structure and Ethical Function of the Hell Narrative in the Mahābhārata,김진영(동국대학교 WISE(와이즈)캠퍼스 갈등치유연구소)
ART003334843,2026,04,76,,철학,인도 불교식 결혼 의례의 변화 양상과 그 함의 -2000년대 초반 이후 마하라슈뜨라 서부 지역을 중심으로-,Transformations in Buddhist Wedding Rituals in India: Western Maharashtra since the Early 2000s,이지은(세종대학교)
ART003334845,2026,04,76,,철학,자비심의 심소적 해석에 대한 고찰 - 안혜의 『유식삼십송석』을 중심으로 -,A Study on the Yogācāra Interpretation of Compassion(Maitrī-karuṇā ) - Focusing on Sthiramati’s Triṃśikāvijñaptibhāṣya -,정성헌(동국대학교)
ART003334848,2026,04,76,,철학,Yogācāra Curriculum for Five Fields of Science,Yogācāra Curriculum for Five Fields of Science,최성호(서울대학교 아시아연구소 남아시아센터)
ART003293159,2025,12,75,,철학,차크라(Cakra/Chakra)를 둘러싼 리드비터(Leadbeater)와 우드로프(Woodroffe) 간의 논쟁점들에 대한 일고찰(Ⅰ) - The Chakras와 The Serpent Power를 중심으로 -,A Study on the Points of Contention between Leadbeater and Woodroffe Regarding the Chakras (I):   Focusing on The Chakras and The Serpent Power,김재민(능인대학원대학교)
ART003293734,2025,12,75,,철학,후기 인도밀교의 제4관정(第四灌頂) 고찰: 아티샤의 관정론에 드러난 이제쌍입(二諦雙入)과 이타행(利他行)을 중심으로,A Study of the Fourth Initiation (caturthābhiṣeka) in Later Indian Tantric Buddhism: Focusing on Atiśa's Theory of Initiation,박희언(서울대 학부대학 연수연구원)
ART003293741,2025,12,75,,철학,해상 네트워크와 문화교섭의 상징세계 - 『삼국유사』의 허황옥·김수로와 『쿠쉬나메』의 아비틴·프라랑 서사 비교를 중심으로 -,"Maritime Networks and the Symbolic World of Cultural Mediation: A Comparative Study of the Narratives of Heo Hwang-ok and King Suro in the Samguk Yusa, and Abtin and Farāng in the Kush-nāmeh",장재진(동명대학교)
ART003293744,2025,12,75,,철학,자이나교 칠구분별에서 ‘말할 수 없다’의 함의 - 불교의 사구분별과의 비교를 통해 -,'Avaktavya' in Jaina Sevenfold Predication: A Comparison with the Buddhist Catuṣkoṭi,최지연(동국대학교 불교학부)
ART003241322,2025,08,74,,철학,『사운다라난다』의 수행론 고찰 - 제12-15장을 중심으로 -,The Structure of Buddhist Practice in Aśvaghoṣa's Saundarananda: Focus on Chapters 12-15,최지연(동국대 불교학부)
ART003197438,2025,04,73,,철학,자이나교의 까르마론과 자유의지론 __영혼과 물질의 이항 대립과 초월의 구도__,Theory of Karma and Free Will in Jainism: The Soul-Matter Dichotomy and Path to Liberation,양영순(서울대학교 아시아연구소)
ART003112721,2024,08,71,,철학,몸과 마음에 대한 불교적 논의에서 등장하는 요가끄셰마(yogakṣema) 용례 검토,Yogakṣemain the Context of the Buddhist Mind-body Theory,최성호(경남대학교 교양교육연구소)
ART003154874,2024,12,72,,철학,초기불교 부파 전적에 나타난 사띠 개념,The Concept of Sati of Early Buddhist Schools in India,조준호(동국대학교 불교학술원 불교문화연구원)
ART003154914,2024,12,72,,철학,불교 수행에서 믿음의 역할과 중요성 - 초기불교 문헌과 장외문헌을 중심으로 -,Role and Meaning of Faith in Buddhist Meditation: According to the Early Buddhist Texts and Post-canonical Texts,김한상(능인대학원대학교)
ART003154941,2024,12,72,,철학,티벳불교의 바르도(bar do)와 시토(zhi khro) 의례,Bar do and Zhi khro rituals in Tibetan Buddhism,이산(동국대학교 WISE)
ART003154986,2024,12,72,,철학,"중관학파와 나스띠까 - 붓다빨리따, 바비베까, 짠드라끼르띠의 허무주의 논란에 대한 해명 비교연구 -","The Mādhyamikas and the Nāstikas: A comparative review of Buddhapālita’s, Bhāviveka’s, and Candrakīrti’s responses to the charge of nihilism",함형석(전남대학교 철학과)
ART003157240,2024,12,72,,철학,기후 위기 시대의 수행과 ‘나[我]’의 범주 확장 - 정토회의 ‘지속가능한 개발-부탄프로젝트’를 중심으로 -,Practice in the Climate Crisis and the Expansion of the Concept of 'Self': Focusing on the Jungto Society’s 'Sustainable Development Project' in Bhutan,박하정(동국대 인도철학과)
ART003112720,2024,08,71,,철학,인도후기밀교의 장송의례 문헌연구 __순야사마디바즈라(Śūnyasamādhivajra) 저작의 Mṛtasugatiniyojana를 중심으로__,Unveiling the Mṛtasugatiniyojana: A Study and Korean Translation of Śūnyasamādhivajra's Buddhist Tantric Funeral Text,방정란(경상국립대학교 인문학연구소)
ART003112728,2024,08,71,,철학,재생연결(paṭisandhi)의 과정과 양상 __『위숫디막가』 제17장의 ‘상카라를 조건으로 의식이 있음에 관한 논의(Saṅkhārapaccayāviññāṇakathā)’를 중심으로__,The Process and Aspect of the Consciousness of Rebirth(paṭisandhicitta): Focusing on Saṅkhārapaccayāviññāṇakathā in the chapter 17 of Visuddhimmagga,한상희(경북대학교 인문학술원)
ART003112733,2024,08,71,,철학,반야중관학의 변증적 파기와 마조의 심(心)･불(佛)･도(道),"Dialectical Destruction of Prajñā-Madhyamaka Studies(般若中觀學) and Mazu's the Mind(心), the Buddha(佛) and the Truth(道)",김동완(동국대학교 WISE캠퍼스 불교학과)
ART003113333,2024,08,71,,철학,정토불교의 여성에 대한 인식과 구원론에 대한 고찰 __『무량수경(無量壽經)』제35원을 중심으로__,A Study on the Perception and Redemption of Women in Pure Land Buddhism: Centering on the 35th edition of the Sukhāvatīvyuha Sūtra,이현아(동국대학교 일반대학원 인도철학과)
ART003075710,2024,04,70,,철학,마음챙김 명상의 사마타와 위빠사나의 관계 문제 맥락에서의 수관(anupassanā) 고찰,Investigation of the Method of Anupassanā in the Context of the Problem of the Relation between Samatha and Vipassanā as in Mindfulness Meditation,이자연(한국외국어대학교 철학문화연구소)
ART003075738,2024,04,70,,철학,요가 아사나에서 영웅좌(Vīrāsana)의 변형 사례,Transformations of the Hero Pose (Vīrāsana) in Yoga Asanas,최윤제(동국대학교대학원 인도철학과)
ART003075761,2024,04,70,,철학,"빠알리어 접미사 tūna, tvāna, tvā에 관한 연구 __『깟짜야나 문법』, 『목갈라나 문법』, 『삿다니띠』를 중심으로__","A Study on Pāli Suffixes tūna, tvāna, tvā with reference to Kaccāyana-vyākaraṇa, Moggallāna-vyākaraṇa, Saddanīti",김서리(동국대학교 WISE캠퍼스)
ART002870107,2022,08,65,,철학,우빠니샤드에 나타난 기능을 통한 인간 이해와 5기능의 중요성,An Understanding Humans through Faculties and the Importance of Five Faculties in the Upanișads,박효엽(부산대학교)
ART002870415,2022,08,65,,철학,생전예수재 의례집의 다라니(진언) 활용,Procedures of Dhārāṇī(Mantra) in the Ritual Texts of the Advance Funeral Ceremony,성청환(동국대학교) ; 정승석(동국대학교)
ART002914822,2022,12,66,,철학,초기불교와 인지­자연주의 윤리,Early Buddhist and Cognitive-Naturalism for Ethics,우동필(전남대학교)
ART002914852,2022,12,66,,철학,아잔타 후기 불교석굴의 사위성 신변도 연구,The Study on Shravasti’s Pratiharya paintings in Ajanta's the latter part of Buddhist caves,김진숙(중원대학교)
ART002835916,2022,04,64,,철학,Ṣaṭcakranirūpaṇa의 나디(nāḍī) 관념에 대한 일고찰 - 하타 요가(Haṭha Yoga) 문헌들과의 비교를 중심으로 -,A study on the ideas of nāḍī in Ṣaṭcakranirūpaṇa: focused on comparison with the texts of Haṭha Yoga,김재민(금강대학교 불교문화연구소)
ART002835927,2022,04,64,,철학,몸을 바라보는 불교의 세 가지 관점__사념처수행의 부정관을 중심으로__,Three Buddhist Perspectives on the Body: Focusing on Asubhabhāvanā in Satipaṭṭhāna,윤희조(서울불교대학원대학교)
ART002835937,2022,04,64,,철학,유식학파의 실재ㆍ형상ㆍ존재에 관한 논리학적 논증,"The Inductive Examination of the Relationship among Reality (vastu), Appearance (ākāra), and Being (bhāva) in Yogācāra school",박기열(동국대학교 인도철학불교학연구소)
ART002870457,2022,08,65,,철학,인도 불교 승원의 질병과 치료__『마하박가』(Mahāvagga)를 중심으로__,A study of the Diseases and Medical Treatments in Indian Buddhist Monasteries: Based on the Mahāvagga,이은영(경희대학교 인문학연구원) ; 양영순(한국외국어대학교 인도연구소)
ART002993010,2023,08,68,,철학,텍스트 비교연구 방법론 고찰__딴뜨라 문헌의 불이(不二)와 공성(空性)에 대한 평행 구문 분석을 통하여__,An Approach to Comparative Textual Studies of Parallel Passages on Emptiness and Non-dual Doctrine in Tantric Traditions,방정란(경상국립대학교 인문학연구소)
ART002993011,2023,08,68,,철학,자이나교의 다르마명상(dharmadhyāna)__숙고(bhāvanā)에서 핀다스타 명상(piṇḍasthadhyāna)에 이르기까지__,A Study on the Dharma Meditation in Jainism: From bhāvanā to Piṇḍastha Meditation,양영순(서울대학교 아시아연구소)
ART002993012,2023,08,68,,철학,인도 사신(捨身)설화 내러티브에 대한 일고찰__지무타바하나(Jīmūtavāhana) 설화를 중심으로__,A Consideration of a Dehadāna Narrative: Especially on the Jīmūtavāhana story,류현정(서울대학교)
ART002993013,2023,08,68,,철학,쫑카파의 무자성에 대한 논의 __언설의 무자상 중심으로__,A Study of Tsong kha pa’s non self-existence: Focusing on verbal convention(vyavahāra) and non self-characteristic(svalakṣaṇa),박경미(동국대학교)
ART002954685,2023,04,67,,철학,『 무량수경』 제18원의 연구 _제20원과 관련하여_,A Study on the 18th Vow of the Larger Sukhāvatīvyūha Sūtra: In Relation to the 20th Vow,김호성(동국대학교)
ART002954689,2023,04,67,,철학,김법린의 서구 불교학 방법론 도입과 불교문헌학의 시도,Kim Beop-rin (Kin Fa Lin)'s Introduction of Modern Western Buddhist Studies and His Attempts at Buddhist Philology,김영진(동국대학교)
ART002954693,2023,04,67,,철학,인도 국가소수자위원회(NCM)의 의의와 한계,Significance and Limitations of the National Commission for Minorities(NCM) of India,최지연(한국외국어대학교 인도연구소)
ART003035095,2023,12,69,,철학,차크라(cakra/chakra)론을 둘러싼 리드비터(Leadbeater)와 우드로프(Woodroffe) 간의 쟁점 논의를 위한 시론(始論)__The Chakras와 The Serpent Power를 중심으로__,Beginning Discussion for Argument on Issues over Theories of Chakras between Leadbeater and Woodroffe: focused on The Chakras and The Serpent Power,김재민(금강대학교 불교문화연구소)
ART003035160,2023,12,69,,철학,Prakāśamātra vs Svaprakāśa: 궁극의 실재를 지시하는 후기 유가행파의 두 가지 용어들 1,Prakāśamātra vs Svaprakāśa: With Reference to the Two Technical Terms Used by Late Indian Vijñānavādins Indicating Ultimate Existence,이정수(중앙승가대학교)
ART003035094,2023,12,69,,철학,두르가데바의 『죽음징조집성』(Riṣṭasamuccaya) __죽음준비교육과 관련하여__,A Study on Riṣṭasamuccaya of Durgadeva: Related to Death Preparation Education,양영순(서울대학교 아시아연구소)
ART003035096,2023,12,69,,철학,이일다(離一多) 논리를 통해 고찰한 쫑카빠의 중도관,Tsongkhapa’s Middle Way-View Explored through the Argument of ‘neither one nor many entity logic’,김수연
ART002954703,2023,04,67,,철학,마음챙김 명상의 사마타 수행을 둘러싼 논쟁,Debate about Samatha Meditation Practice of Mindfulness Meditation,이자연(한국외국어대학교(글로벌캠퍼스) 철학문화연구소)
ART003154861,2024,12,72,,철학,『깟짜야나 문법』의 Samāsa장 분석을 통한 빠알리어 복합어 연구,A Study on Pāli Compound Noun through the analysis of samāsakappa in Kaccāyana-vyākaraṇa,김서리(동국대학교 WISE캠퍼스)
ART003075694,2024,04,70,,철학,베다제식의 제물(祭物)살해와 불살생(ahiṃsā)덕목의 공존과 충돌,The Coexistence and Conflict of Killing Animals and the Virtue of non-killing(ahiṃsā) in Vedic Ritualism,김진영(서강대학교)
ART003112723,2024,08,71,,철학,산스크리트 단막극에 나타난 풍자의 미학 __『맛타빌라사 프라하사나』(Mattavilāsa-prahasana)를 중심으로__,Aesthetics of Satire in a Sanskrit One-act Farce: Focusing on the Mattavilāsa-prahasana,류현정(경상국립대학교 인문학연구소)
ART003154903,2024,12,72,,철학,"정려(靜慮/禪, jhāna) 개념의 변화와 그 함의 - ‘태움’에서 ‘사유’와 ‘삼매’까지 -",On the Change of the Concept of Jhāna/Dhyāna and its Significance,김성철(금강대학교 불교문화연구소)
ART003076321,2024,04,70,,철학,‘항아리’가 실재하는 바비베까의 인식대상론,Bhāviveka on Perception and Atomic Reality,함형석(전남대학교 철학과)
ART003112737,2024,08,71,,철학,일체지(자)의 직접지각론 __Pramāṇamīmāṃsā 1부 1장을 중심으로__,The Direct Perception of Omniscient: Based on the Pramāṇamīmāṃsā 1.1,양영순(서울대학교 아시아연구소)
ART002870098,2022,08,65,,철학,샤이바(Śaiva) 전통에서 『스바찬다딴뜨라』 (Svacchandatantra)의 문헌적 위상 연구 (1) __전승본 비교 분석을 통한 문헌 연구 방법론 재고__,Locating the Svacchandatantra and Its Recensions in the History of Śaiva Literature: Reconsideration of Methodology of Textual Studies of the Śavia Tradition,방정란(大正大學 綜合佛教研究所)
ART002914792,2022,12,66,,철학,『쁘라마나 비니쉬짜야』의 유사지각(pratyakṣābhāsa)에 관한 자기인식론적 해석,A self-perceptual interpretation of the Falsification of Perception(pratyakṣābhāsa) in Pramāṇaviniścaya,정성헌(동국대학교)
ART002914800,2022,12,66,,철학,고대인도 전적에서 선정의 기원 문제,A Study on Origin of Meditation in Ancient India,조준호(동국대학교)
ART002914826,2022,12,66,,철학,인도 현대요가의 힌두화 연구__스와미 람데브를 중심으로__,A Study on the Hinduization of Modern Yoga in India: Focusing on Swami Ramdev,심준보(한국외국어대학교 인도연구소)
ART002914834,2022,12,66,,철학,정신건강을 위한 유식학적 성찰과 그 의의__코로나 블루와 관련하여__,Yogācāra's Systemic Reflection and Its Significance: with Special Reference to Corona Blue,김재권(능인대학원대학교)
ART002835930,2022,04,64,,철학,트라우마에 대한 유식학적 이해,An Understanding of the Trauma,이견명(동국대학교)
ART002835932,2022,04,64,,철학,"만심(慢心, māna)의 의미에 관한 고찰",A Study on the Meaning of Māna,정성헌(동국대학교)
ART002870171,2022,08,65,,철학,『유식이십론』과 유식성 개념의 변화_『섭대승론』과『유식이십론』을 중심으로_,Viṁśikā and a Conceptual Change in Vijñaptimātratā: Based on the textual study on *Mahāyānasaṁgraha and Viṁśikā,이길산(경남대학교 교양교육연구소)
ART002870229,2022,08,65,,철학,구사론주 세친과 유가사 세친의 (불)연속성 문제에 관하여,"(Dis)continuity of Vasubandhu, the kośakāra and the yogācāra",이규완(서울대학교 인문학연구원)
ART002870271,2022,08,65,,철학,함석헌의 『바가바드 기타』 주석서에 나오는 경구(經句) 인용의 출처와 맥락 연구,A Study on the Source and Context of Ham Sok-Hon’s Scriptural Quotations in his Commentary on the Bhagavad Gītā,나혜숙(서강대학교)
ART002870286,2022,08,65,,철학,"제국의 정당화, 여성의 타자화__인도 통치와 여성에 대한 제임스 밀과 존 스튜어트 밀의 글을 중심으로__","Rationalizing Empire, Othering Women: Governing India and women in writings of James Mill and John Stuart Mill",구하원(서울대학교)
ART002870370,2022,08,65,,철학,하층 카스트에 대한 상층 카스트의 인식__할당제 반대 논의를 중심으로__,A Study on the Perceptions of Upper Castes toward Lower Castes in Contemporary India: Focusing on Anti-Reservation Policy for Scheduled Castes,상연진(한국외국어대학교 인도연구소) ; 최지연(한국외국어대학교 인도연구소)
ART003197494,2025,04,73,,철학,탈실체(無)와 드러남(有)의 무한: 안혜의『유식삼십송석(TrBh)』에 나타난 주체-의식의 역동성과 그 회귀,The Infinity of Non-substantiality (無) and Manifestation (有): The Dynamics and Return of Subject-Consciousness in Sthiramati’s Triṃśikāvijñaptibhāṣya,송부경(동국대학교 불교학술원)
ART003293738,2025,12,75,,철학,훈민정음 창제에 끼친 범어음성체계의 영향 연구 - 조선시대 『진언집』의 범자체계와 비교하여 -,A Study on the Influence of the Sanskrit Phonological System on the Creation of Hunminjeongeum: Compared with the Sanskrit System in the Joseon Dynasty's Jin-eon-jip,이태승(위덕대학교)
ART003241323,2025,08,74,,철학,내적 갈등 해소를 위한 불교 수행의 실천적 모색 - 초기불교 호흡관(Ānāpānasati)을 중심으로 -,A Practical Exploration of Buddhist Meditation for Resolving Inner Conflict: Focusing on the First Four Steps of Ānāpānasati in Early Buddhism,이선희(경북대학교)
ART003241324,2025,08,74,,철학,"밀교의 티베트 전래, 현밀 갈등과 그 대응:『보리도등론』의 교의적 특징과 문제점 고찰","The Transmission of Tantric Buddhism to Tibet, the Exoteric-Esoteric Conflict, and Its Response: An Examination of the Doctrinal Characteristics and Issues in Bodhipathapradīpa",박희언(서울대학교)
ART003293157,2025,12,75,,철학,‘단순 비인식(adarśanamātra)’ 이론에 대한 다르마끼르띠의 비판 - 걜찹제의 『양평석의 해탈의 길을 밝힘』의 6가지 분류를 중심으로 -,Dharmakīrti’s Critique of the Theory of Mere Non-Perception (adarśanamātra): Focusing on rGyal tshab rje’s Six-fold Systematization in rNm ’grel thar lam gsal byed,김수연(동국대학교)
ART003293163,2025,12,75,,철학,바라와의 여래장 해석 연구 - 공성의 관점에서 해석된 여래장 고찰 -,A Study of ’Ba’-ra-ba’s Interpretation of Buddha-Nature: An Examination of Buddha-Nature from the perspective of Emptiness,김태우(함부르크 대학교 인도·티벳학과)
ART003293168,2025,12,75,,철학,『사르바다르샤나상그라하』(Sarvadarśanasaṅgraha) 제13장 ｢빠니니다르샤나｣(Pāṇinidarśana)의 연구 (III) -마다바(Mādhava)가 논의한 다르샤나로서의 문법학-,A Study of the Pāṇinidarśana Chapter of the Sarvadarśanasaṅgraha (III): Vyākaraṇa (grammar) as a Darśana discussed by Mādhava,박수영(동국대학교)
ART003293747,2025,12,75,,철학,"두땅가(dhutaṅga, 頭陀行)의 본질에 대한 해석 –마하위하라파와 아바야기리파의 견해 비교–",The Interpretation of the Nature of Dhutaṅga — A Comparative Study of the Views of Mahāvihāra and Abhayagiri —,한상희(경북대학교)
ART003293749,2025,12,75,,철학,즈냐나가르바의 저작 『이제분별론』의 논쟁사적 맥락 읽기 - 『이제분별론』의 첨가 게송 37-43을 중심으로 -,Reading the Madhyamaka-Yogācāra Conflicts in Jñānagarbha’s *Satyadvayavibhaṅga,함형석(전남대학교)
ART003197476,2025,04,73,,철학,찰나법연기의 자이나교 기원설,Jain Origin Theory of the Momentary Dharma Theory on Conditioned Co-arising,우동필(전남대학교 호남불교문화연구소)
ART001726597,2012,12,36,,철학,미망사학파의 앎과 행위의 주체로서의 자아,The Self as the Subject of Knowing and Action in the Mīmāṃsa Philosophy,성청환(동국대학교)
ART001726598,2012,12,36,,철학,브리하다란야카 우파니샤드 주석서의 중요성 _샹카라의 교육법을 중심으로_,The Importance of Śaṅkara’s Bṛhadāraṇyaka Upaniṣad Bhāṣya: With a Focus on His Pedagogical Methods,나혜숙(동국대학교)
ART001801182,2013,08,38,,철학,다르마끼르띠의 ‘모순되지 않음’(avisaṃvādin) 일고(一考),A Consideration about Dharmakīrti's Condition of ‘avisaṃvādin’,권순범(동국대학교)
ART001987250,2015,04,43,,철학,고전요가에 수용된 반영설과 그 인식론적 의미,The Reflection Theory and Epistemological Meaning Contained in the Classical Yoga,안필섭(동국대학교)
ART001987499,2015,04,43,,철학,Saving Animals and Winning a War: Buddhist way of dealing with conflict,Saving Animals and Winning a War: Buddhist way of dealing with conflict,황순일(동국대학교)
ART002299230,2017,12,51,,철학,"Time Measurement in Tibet: A Critical Introduction to the Works on Kālacakra Astronomy by Dieter Schuh, Premier Scholar in Contemporary German Tibetology","Time Measurement in Tibet: A Critical Introduction to the Works on Kālacakra Astronomy by Dieter Schuh, Premier Scholar in Contemporary German Tibetology",조석효
ART002252823,2017,08,50,,철학,쁘라즈냐까라굽따(Prajñākaragupta)의 언어의미,Prajñākaragupta’s Philosophy of Language,배경아(동국대학교)
ART001511031,2010,12,30,,철학,산스끄리뜨 필사본의 오류 수정 유형과 서체 목록 : 울너 컬렉션의 15～17세기 종이 사본을 중심으로,The Script Table and the Types of Error Correction for Sanskrit Manuscripts: based on 15th-19th c. paper manuscripts of the Woolner Collection,박영길(금강대학교)
ART001511044,2010,12,30,,철학,마두(Madhu)의 개념 비교 : ChU와 BṛU를 중심으로,Comparative Studies of the Concept of Madhu: With special reference to Chandogyopaniṣad and Bṛhadāraṇyakopaniṣad,임근동(한국외국어대학교)
ART001320779,2009,02,26,,철학,달라이 라마의 전법론(傳法論) 고찰,The Examination of Dalai Lama's Propagation Theory,최동순(동국대학교)
ART001370993,2009,08,27,,철학,복합미래(luṭ)의 용법에 대한 고찰 __ 『파니니 문법』 (Aṣṭādhyāyī)을 중심으로__,The Use of the Periphrastic Future(luṭ) : According to Aṣṭādhyāyī,박문성(가톨릭대학교)
ART001077210,2007,08,23,,철학,가상현실에 대한 참된 인식과 가상적 욕망의 해소_아드와이따 베단따의 모형,The Right Understanding on the Virtual Reality and The Cancellation of Virtual Desire : A Model of Advaita vedAnta,박효엽(경북대학교)
ART000995880,2006,02,,20,철학,미망사 수뜨라에서 유의미한 문장의 성립 요소들_ 샤바라의 주석서(？？bara-Bh？？ya)를 중심으로,The Factors Consist of the Meaningful Sentence in the M？m？？s？-S？tra: with the priority given to ？？bara-Bh？？ya,문을식(충북대학교)
ART000989594,2005,02,18,,철학,뚤씨다쓰(Tuls？d？sa)의 Bhakti 사상,The Bhakti Thought of Tuls？d？sa,서행정(한국외국어대학교)
ART001056476,2007,02,,22,철학,Yogasutra-bhasya에 나타난 Parajati의 의미 - 제3장 18송을 중심으로,The Interpretation of Parajati for Yogasutra-bhasya,안필섭(동국대학교)
ART002541111,2019,12,57,,철학,<바세> 5종 필사본에 보이는 ‘김 화상 기록’ 비교 연구,A Comparative Study on the ‘Kim hwashang Records’ in the five manuscripts of dBa’ bzhed,조병활(대한불교조계종 백련불교문화재단 성철사상연구원)
ART002496283,2019,08,56,,철학,인도 빠따다깔(Paṭṭaḍakal) 비루빡샤(Virūpakṣa) 사원의 라마야나(Rāmāyaṇa) 서사 조각의 분석__라바나의 시따 납치 패널을 중심으로__,A Rāmāyaṇa Narrative Sculpture in Virūpakṣa Temple at Paṭṭaḍakal,심재관(상지대학교)
ART002421647,2018,12,54,,철학,"쌍쓰끄리땀의 아누쓰바라와 콧소리 표기, 그 역사적 맥락과 표기 원칙","Writing anusvāra and nasal consonants in Sanskrit, the question of principle and its historical context for practical orientation",강성용(서울대학교)
ART002421665,2018,12,54,,철학,상키야 철학에서 인식의 동시성과 순차성 문제,The Issue of 'Simultaneity and Sequentiality of Cognition' in Sāṃkhya Philosophy,정승석(동국대학교)
ART002711235,2021,04,61,,철학,"바비베까의 비-채식주의: 고기를 먹는 행위가 살생을 야기하는가, 고기 먹기를 원하는 행위가 살생을 야기하는가?",Bhāviveka’s Non-vegetarianism: Is Killing Caused by the Act of Meat-Eating or of Desiring to Eat Meat?,함형석(전남대학교)
ART002796795,2021,12,63,,철학,현대 요가의 발전과 Sūryanamaskāra,The Development of Modern Yoga and Sūryanamaskāra,최윤제(동국대학교)
ART001172675,2005,08,19,,철학,자이나교의 요가 사다나,A Yoga Sādhana of Jainism,김미숙(동국대학교)
ART001172736,2005,08,19,,철학,說一切有部의 작용론에 대한 논쟁__ 세친의 비판에 대한 중현의 반론을 중심으로,The debate on activities(k？ritra) in the Sarv？stiv？da system,황정일(동국대학교)
ART001172790,2006,08,,21,철학,샹카라의 해탈론에서 요가의 位相,The Status of Yoga in ？a？kara's Theory of Liberation,이호근(강릉원주대학교)
ART001172793,2006,08,,21,철학,암바팔리를 통해 본 여성문제,A View of the Woman in the Ambap？li's Episode,원혜영(연세대학교)
ART001172794,2006,08,,21,철학,儒家 윤리와 불교 윤리의 會通,The Harmony between Confucian Ethics and Buddhist Ethics,서은숙(동국대학교)
ART001658523,2012,04,34,,철학,지각 논의에 내포된 인식론적 토대 : 쿠마릴라와 다르마키르티의 지각론 비교,Epistemological Foundation within Debates on Perception: The Comparison between Dharmakīrti and Kumārila,성청환(동국대학교)
ART001658531,2012,04,34,,철학,브라흐마 수뜨라 주석 2.1.3에 나타난 샹까라의 요가 이해,Śaṅkara’s Understanding on Yoga exposed in Brahmasūtra-bhāṣyam 2.1.3,박효엽(경북대학교)
ART002951287,1997,12,7,,철학,『유식이십론』의 극미설 비판,『유식이십론』의 극미설 비판 l,남수영(능인대학원대학교)
ART002951288,1997,12,7,,철학,인도 사상의 해탈 개념_우빠니샤드와 바가바드기따를 중심으로_,인도 사상의 해탈 개념_우빠니샤드와 바가바드기따를 중심으로_ l,류경희(한국외국어대학교)
ART002951289,1997,12,7,,철학,부파불교에서 分別說部의 多義性,부파불교에서 分別說部의 多義性 l,최경아(강릉원주대학교)
ART002951316,1998,11,8,,철학,Karma-yoga 패러다임으로 본 『華嚴經』의 普賢行願_「普賢行願品」과 Bhagavad-gītā를 중심으로_,Karma-yoga 패러다임으로 본 『華嚴經』의 普賢行願_「普賢行願品」과 Bhagavad-gītā를 중심으로_,김선근(동국대학교)
ART002951318,1998,11,8,,철학,라마누자의 요가에 대한 고찰,라마누자의 요가에 대한 고찰 l,주명철(동방문화대학원대학교)
ART002951319,1998,11,8,,철학,초기 우파니샤드의 명상 개념 Ⅱ_니디드흐야사나(nididhyāsana)를 중심으로_,초기 우파니샤드의 명상 개념 Ⅱ_니디드흐야사나(nididhyāsana)를 중심으로_,김호성(동국대학교)
ART002951323,1999,12,9,,철학,Jñāna-yoga 패러다임으로 본 『金剛經』의 阿耨多羅三藐三菩提(Anuttara-samyak-saṃbodhi)─Bhagavadgītā와 금강경을 중심으로─,Jñāna-yoga 패러다임으로 본 『金剛經』의 阿耨多羅三藐三菩提(Anuttara-samyak-saṃbodhi)─Bhagavadgītā와 금강경을 중심으로─,김선근(동국대학교)
ART002951321,1998,11,8,,철학,無上瑜伽 딴뜨라의 大樂思想의 形成考,無上瑜伽 딴뜨라의 大樂思想의 形成考 l,정성준(동국대학교)
ART002951328,1999,12,9,,철학,미투나像의 사상적 배경과 의의,미투나像의 사상적 배경과 의의 l,정승석(동국대학교)
ART002951329,1999,12,9,,철학,샹카라의 唯識說 비판의 논거,샹카라의 唯識說 비판의 논거 l,이호근(강릉원주대학교)
ART002951331,1999,12,9,,철학,"분할과 조합, 龍樹의 緣起說과 분석철학","분할과 조합, 龍樹의 緣起說과 분석철학 l",홍성기(아주대학교)
ART002954515,2002,08,1,12,철학,자이나 인식·논리학의 一瞥 (Ⅰ),A Glimpse of Jaina Epistemology & Logic (Ⅰ),이지수(동국대학교)
ART002954520,2002,08,1,12,철학,限定不二論 학파의 轉變說 에 대한 비판적 고찰,The Theory of Pariṇāma in Viśiṣtādvaita Vedānta of Rāmānuja,이거룡(선문대학교)
ART002954546,2002,08,1,12,철학,Munitrayam(무니트라얌)에 관한 연구와 소개 _Pāṇini sūtra 2.3.23를 중심으로_,The Study and Introduction of Munitrayam,엄혜용(동국대학교)
ART002954564,2002,08,1,12,철학,The Puruṣa-sūkta of Ṛg Veda _The Agony and Ecstasy of being Universal_,The Puruṣa-sūkta of Ṛg Veda _The Agony and Ecstasy of being Universal_,Augustine Thottakara(Dharmaran Vidya-Kshetram / Dharmaram Publications)
ART002954602,2002,08,1,12,철학,Spiritual Foundations of Global Interacion _The Indian Perspective_,Spiritual Foundations of Global Interacion _The Indian Perspective_,Kamalākar Mishra(Banaras Hindu University)
ART002954623,2002,02,2,11,철학,"육파철학에서 궁극적 실재, 인과론, 해탈의 상관성 소고","The study on the relation between the ultimate reality, causation and the emancipation in the six systems of Indian philosophy",김순금(원광대학교)
ART002954652,2002,02,2,11,철학,라마누자와 화이트헤드의 有機體的 宇宙論 비교 고찰,Organic Philosophy in Rāmānuja and A.N. Whitehead,이거룡(선문대학교)
ART002954661,2002,02,2,11,철학,佛教에 나타난 自殺에 대한 考察,A Review on Suicide in Buddhism _with a special focus on the Vinaya_,백도수(능인대학원대학교)
ART002954666,2002,02,2,11,철학,說一切有部와 經量部의 心體說에 관한 批判的一考,A critical thought on the Sarvāstivāda and Sautrāntika school’s theory of the body of mind,이동우(동국대학교)
ART002953537,1989,12,1,,철학,《魔女經》과 Sattavassāni-Dhitaro에 대하여,《魔女經》과 Sattavassāni-Dhitaro에 대하여,서성원(동국대학교)
ART002953538,1989,12,1,,철학,《바가바드 기타》에 나타난 힌두교의 사회윤리,《바가바드 기타》에 나타난 힌두교의 사회윤리 l,길희성(서강대학교)
ART002953544,1989,12,1,,철학,去來에 관한 空觀的 考察 < 月稱 의 中論釋 을 중심으로 >,去來에 관한 空觀的 考察 < 月稱 의 中論釋 을 중심으로 > l,이법산(동국대학교)
ART002953571,1989,12,1,,철학,자아나교의 윤리사상과 현대적 의의,자아나교의 윤리사상과 현대적 의의 l,곽만연(동아대학교)
ART002953572,1989,12,1,,철학,니시다철학의 베단타철학에 대한 비판,니시다철학의 베단타철학에 대한 비판 l,허우성(경희대학교)
ART002953582,1992,09,2,,철학,印度 와 東南 아시아의 라마야나,印度 와 東南 아시아의 라마야나 l,서행정(한국외국어대학교)
ART002953595,1992,09,2,,철학,不二一元論 과 中觀哲學 의 實在觀 _絕對論的 解釋 에 대한 檢討_,不二一元論 과 中觀哲學 의 實在觀 _絕對論的 解釋 에 대한 檢討_ l,이호근(강릉원주대학교)
ART002953597,1992,09,2,,철학,학문적 범어의 문장론 연구,학문적 범어의 문장론 연구 l,전재성
ART002953600,1992,09,2,,철학,GAUDAPĀDĪYA MĀṆḌŪKYA-KĀRIKĀ에서 第 4 意識(Turīya)에 對한 考察,GAUDAPĀDĪYA MĀṆḌŪKYA-KĀRIKĀ에서 第 4 意識(Turīya)에 對한 考察,문을식(서울불교대학원대학교)
ART002953601,1992,09,2,,철학,『바가바드기따』에 나타난 까르마요가의 윤리적 조명_불교윤리와 관련하여_,『바가바드기따』에 나타난 까르마요가의 윤리적 조명_불교윤리와 관련하여_ l,김호성(동국대학교)
ART002953608,1992,09,2,,철학,僧佉經과 六十科論의 문헌학적 의미,僧佉經과 六十科論의 문헌학적 의미 l,정승석(동국대학교)
ART002953670,1993,11,3,,철학,第一義空經 과 Vasubandhu,第一義空經 과 Vasubandhu,서성원(동국대학교)
ART002953682,1993,11,3,,철학,라마누자 체계에 있어서 이슈와라(Iśvara)와 세계의 관계,라마누자 체계에 있어서 이슈와라(Iśvara)와 세계의 관계,주명철(동방문화대학원대학교)
ART002953686,1993,11,3,,철학,가우다빠다의 不生說(ajāti-vāda),가우다빠다의 不生說(ajāti-vāda),문을식(서울불교대학원대학교)
ART002951605,2000,12,10,,철학,붓다의 般涅槃(parinibbāna)에 관한 고찰,붓다의 般涅槃(parinibbāna)에 관한 고찰,안양규(동국대학교)
ART002951610,2000,12,10,,철학,샹까라의 철학과 māyāvāda(幻影論)의 관계 비판―Brahmasūtra-Śaṅkarabhāṣya를 중심으로―,까라의 철학과 māyāvāda(幻影論)의 관계 비판―Brahmasūtra-Śaṅkarabhāṣya를 중심으로―,박영길(경북대학교)
ART002951611,2000,12,10,,철학,『中觀莊嚴論』 성립의 사상적 배경,『中觀莊嚴論』 성립의 사상적 배경 l,이태승(위덕대학교)
ART002951613,2000,12,10,,철학,新正理學派에 있어서 遍充(vyāpti)의 定義_위슈와나-타의 Nyāya-siddhānta-muktāvalī와 관련하여_,新正理學派에 있어서 遍充(vyāpti)의 定義_위슈와나-타의 Nyāya-siddhānta-muktāvalī와 관련하여_,이지수(동국대학교)
ART002951614,2001,12,1,11,철학,한국 인도철학계의 몇 가지 왜곡된 인식들,한국 인도철학계의 몇 가지 왜곡된 인식들 l,이지수(동국대학교)
ART002951619,2001,12,1,11,철학,"인드라, 영웅신으로서의 기능과 그 운명에 관하여: 뒤메질의 이론적 함의를 따라","인드라, 영웅신으로서의 기능과 그 운명에 관하여: 뒤메질의 이론적 함의를 따라 l",심재관(상지대학교)
ART002951616,2001,12,1,11,철학,힌두교 전통에 비춰 본 불교의 孝 문제,힌두교 전통에 비춰 본 불교의 孝 문제 l,김호성(동국대학교)
ART002951621,2001,12,1,11,철학,붓다의 입멸 과정과 그 해석: 說一切有部를 중심으로,붓다의 입멸 과정과 그 해석: 說一切有部를 중심으로 l,안양규(동국대학교)
ART002953576,1989,12,1,,철학,상캬哲學과 불교의 認識構造的 親和性 (I),상캬哲學과 불교의 認識構造的 親和性 (I),정승석(동국대학교)
ART002953713,1993,11,3,,철학,[논평] <학문적 범어의 문장론 연구>(전재성)에 있어서 몇 가지 문제점,[논평] <학문적 범어의 문장론 연구>(전재성)에 있어서 몇 가지 문제점 l,이지수(동국대학교)
ART002341759,2018,04,52,,철학,세친의 식전변설을 통해 본 식의 분화구조와 그 의의_‘허망분별’과 ‘자기인식’의 관계를 중심으로_,The Structure of Evolvement of Consciousness and Its Significance as Seen from Vasubandhu’s Theory of Vijñāna-Pariṇāma with a Special Focus on the relationship between Abhūtaparikalpa and Svasaṃvedana,김재권(동국대학교 인도철학불교학연구소)
ART002341761,2018,04,52,,철학,불교인식논리학에서 유사지각과 자증지 해석에 관한 지각 논쟁,Debate on Perception between Sued-Perception and Self-Awareness in the Buddhist Pramāṇa School,성청환(동국대학교)
ART002341763,2018,04,52,,철학,인도 신여성의 근대적 정체성: 간디와 사리(Sari),Modern Identity of New Women in India: Gandhi and Sari,박금표(한국외국어대학교)
ART002376724,2018,08,53,,철학,『大般涅槃經後分』 연구,A Study on Daebanyulbangyunghubun(大般涅槃經後分),김지영(동국대학교)
ART002376729,2018,08,53,,철학,『반야등론』 제9장의 선행 주체(pūrva-vyavasthita) 연구,A Study of a Preceding Subject(pūrva-vyavasthita): based on Prajñāpradīpa chp. 9,정상교(동국대학교(경주캠퍼스) 티벳대장경역경원)
ART002376731,2018,08,53,,철학,불교철학의 비존재와 비인식의 관계__『니야야빈두』 「위자비량」과 다르못타라의 주석을 중심으로__,The Relatedness between abhāva and anupalabdhi in Svārthānumānaparicchedaḥ of Nyāyabindu and Dharmottara’s ṭīkā,박기열(금강대학교 불교문화연구소)
ART002376735,2018,08,53,,철학,불교의 유식설과 결별한 쉬바교 재인식학파의 자기인식,Self-awareness of Śaiva Pratyabhijñā Departed from Buddhist Yogācāra Doctrine,구효정(동국대학교) ; 정승석(동국대학교)
ART002376740,2018,08,53,,철학,에띠엔 라모뜨의 『대지도론』 번역과 주석에 대한 소고 (II)__제1권 2장과 3장을 중심으로__,A Consideration on the Étienne Lamotte’s Annotated Translation of the 『大智度論』 (Mahāprajñāpāramitāśāstra) (Ⅱ),박청환(동국대학교)
ART002299151,2017,12,51,,철학,불이론 쉬바파 탄트라에 나타난 쿤달리니의 원형 연구__『탄트라의 정수(精髓)』(Tantrasāra)의 제 5장을 중심으로__,Mind The Study on The Original Form of Kuṇḍalinī in Non-dual Śaiva Tantra: Based on The Fifth Chapter of Tantrasāra,심준보(금강대학교 불교문화연구소)
ART002299186,2017,12,51,,철학,무아에 대한 형이상학적 해석의 양상들__니까야(Nikāya)에 나타나는 ‘실천적 무아’와 비교를 위한 시론__,On the Metaphysical Interpretations of Selflessness (Anattan),임승택(경북대학교)
ART002220273,2017,04,49,,철학,초기 유식사상의 이숙개념에 보이는 인과론의 특징,Characteristic of the Causality Theory as Shown in the Early Vijñaptimātravāda’s Concept of “Ripening” (vipāka),김재권(능인대학원대학교)
ART002220274,2017,04,49,,철학,인식의 ‘등불 비유’에 관한 해석 논쟁__실재의 내속성과 변충의 동일성 비교를 중심으로__,The Argument on the Interpretation on the Metaphor of a Lamp on Cognition : focusing on the comparision of inherence(samavāya) of reality and identity(tādātmya) of accompaniment(vyāpti),박기열(연세대학교)
ART002220275,2017,04,49,,철학,다르마키르티의 인과 이론__외계실재론과 유식론을 중심으로__,Dharmakirti's Causal Theory: In the viewpoint of external realism and only consciousness,권서용(부산대학교)
ART002220276,2017,04,49,,철학,일곱 가지 금강구의 상호 관계(anuśleṣa)에 대한 옥 로댄쎄랍의 이해,rNgog Blo ldan shes rab’s Understanding of the Anuśleṣa between Each Topic of the Seven Vajrapadas,차상엽(금강대학교)
ART002220278,2017,04,49,,철학,『카타 우파니샤드』의 Puruṣa 개념에 대한 고찰,The Conception of Puruṣa in the Kaṭha Upaniṣad,임혜정(동국대학교) ; 정승석(동국대학교)
ART002220284,2017,04,49,,철학,인도 나식(Nāsik) 석굴사원(石窟寺院) 시론,A Study on India Nāsik Cave Temple,김선희(동국대학교)
ART002252803,2017,08,50,,철학,Tantrāloka에서 직관(prātibha)과 수습(bhāvanā)의 문제,Intuition(Prātibha) vs the Gradual Identification(Bhāvanā) in the Tantrāloka,손경록(동국대학교) ; 정승석(동국대학교)
ART002252812,2017,08,50,,철학,스와라 호흡(svara prāṇāyāma)과 스트레스의 상관성에 대한 연구,A Study on the Correlation between Svara Prāṇāyāma and Stress,김재민(동국대학교) ; 김동환(녹십자 의료재단 진단의학부)
ART002252814,2017,08,50,,철학,간디의 교육철학과 진정한 행복__인성교육과 행복철학의 시사점 도출을 위한 시론__,The Gandhi's Educational Philosophy and True Happiness: In terms of philosophical education methodology,김진영(서강대학교 철학연구소)
ART002252816,2017,08,50,,철학,『카타 우파니샤드』의 행복치유론에 대하여__베단타적 해석을 중심으로__,Theory of Happiness and Healing in Kaṭha Upaniṣad: Focused on Vedāntic Interpretation,김호성(동국대학교)
ART002252820,2017,08,50,,철학,『십지경』 「서품」의 게송: 7세기 산스크리트 사본을 통한 교정과 제안,The Verses in the Nidānaparivarta of the Daśabhūmikasūtra: their corrections and suggestions based on the seventh century Sanskrit manuscript,이영진(금강대학교)
ART002252822,2017,08,50,,철학,유식학파의 중도 개념 재검토__『중변분별론』을 중심으로__,A Re-examination on the Middle Way Conception of Vijñānavāda: Centering on the Madhyantavibhagabhasya,남수영(동국대학교)
ART002252824,2017,08,50,,철학,"각천(覺天, Buddhadeva)의 사상적 경향성 연구",Research on the Ideological Tendency of Buddhadeva,황정일(동국대학교 전자불전문화콘텐츠연구소)
ART002104103,2016,04,46,,철학,함석헌의 『바가바드 기타』 주석에 나타나는 인용 모음 주석법의 재해석,Reinterpretation of the Commentarial Method of Collecting Quotations: in Ham Seok-heon’s Commentary on the Bhagavad Gītā,나혜숙(서강대학교)
ART002104118,2016,04,46,,철학,보성론 I.154-155의 공성 해석과 관련된 몇 가지 문제들,Some problems on the Meaning of Ratnagotravibhāga I.154-155,안성두(서울대학교)
ART002541008,2019,12,57,,철학,힌두교도의 이중적 생태의식에 미친 아드바이따 베단따의 영향,An Influence of Advaita Vedānta on the Hindu’s Two-faced Eco-consciousness,박효엽(경북대학교)
ART002541054,2019,12,57,,철학,"자이나교의 일체지자(一切知者, sarvajña) 명상__고전 명상에서 탄트라적 변용에 이르기까지__",A Study on the Meditation of Sarvajña(Omniscient) in Jainism: From Orthodox Meditation to Tantric One,양영순(동국대학교)
ART002541068,2019,12,57,,철학,불전과 Mahābhārata에 수용된 Rāmāyaṇa의 소재,The Themes of Rāmāyaṇa Embraced in Buddhist Texts and Mahābhārata,정승석(동국대학교)
ART002541088,2019,12,57,,철학,<보리도차제대론>에 나타나는 중관파의 불공의 승법과 이제설의 관계,On The Relationship between The Distinguishing Teaching of Madhyamaka and The Theory of Two Truths in Tsong-kha-pa’s Lam Rim Chen Mo,이태승(위덕대학교)
ART002541180,2019,12,57,,철학,"공성증득을 통한 여래장 이해__갤찹제의 <보성론> 주석서 (Theg pa chen po rgyud bla ma’i ṭīkā) 게송 Ⅰ-154, 155 중심으로__","A Study on the Interpretation of Tathāgatagarbha as Equal to the Emptiness: Based on Ratnagotravibhāga Commentary Verse Ⅰ-154,155",박경미(동국대학교)
ART002582658,2020,04,58,,철학,초기 유가행파의 공성 이해와 그 전개,The Understanding of the Concept “Emptiness” by the Early Yogācāra School and Its Development,김재권(능인대학원대학교)
ART002582662,2020,04,58,,철학,인식의 인과관계를 통해 살펴본 의지각의 발생 과정,The Process of Mānasa-pratyakṣa through Causality of Perception,양현희(동국대학교)
ART002582691,2020,04,58,,철학,요가철학에서 4종 등지의 인식 대상,Object of Pramāņa for Samāpatti in Yoga Philosophy,안필섭(동국대학교)
ART002582692,2020,04,58,,철학,막스 뮐러의 인종주의적 베다 해석과 오리엔탈리즘,Max Müller's Racist Vedic Interpretations and Orientalism,김진영(서강대학교 철학연구소)
ART002496262,2019,08,56,,철학,원효의 외도(tīrthaka) 비판에 관한 고찰 - 『기신론소기』 중 眞如自性 관련 四句 분석을 중심으로 -,Contemplation on Wonhyo’s Examination of the Opponent Schools: Focusing on the analysis of four alternatives(catuṣkoti) in the description on tathatā-svabhāva* in his commentaries on the Awakening of Faith in Mahāyana,박기열(금강대학교 불교문화연구소)
ART002496275,2019,08,56,,철학,초기 인도불교에서의 제법무아와 열반,Sabbe Dhammā Anattā and Nirvāṇa in Early Indian Buddhism,김한상(한국외국어대학교)
ART002496285,2019,08,56,,철학,『탄트라정수(Tantrasāra)』 제11장에 나타난 샥티파타(śaktipāta)의 고찰,The Study on Śaktipāta in Chapter 11 of Tantrasāra,심준보(금강대학교 불교문화연구소)
ART002461211,2019,04,55,,철학,지넨드라붓디의 ‘니야야 학파의 직접지각 정의’에 대한 검증,Examination on pratyakṣa of Nyāya school in Jinendrabuddhi’s Pramāṇasamuccayaṭīkā,박기열(금강대학교 불교문화연구소)
ART002461219,2019,04,55,,철학,정려의 구성요소를 둘러싼 여러 학파의 해석 (1)__행복의 실체 논쟁을 중심으로__,On the Interpretation of the Factor of Dhyāna,김성철(금강대학교)
ART002461229,2019,04,55,,철학,菩薩十地와 ‘淸淨’의 의미__『十地經論』을 중심으로__,The meaning of Bodhisattva’s ten stages and Viśuddhi,이경희(동국대학교 불교문화연구원)
ART002421621,2018,12,54,,철학,관정의례(灌頂儀禮)의 변천에 관한 고찰,A Study on the Development of Abhisekha Ritual,국광희(동국대학교 인도철학과 대학원) ; 정성준(동국대학교 불교학술원)
ART002421673,2018,12,54,,철학,자이니즘의 paramāṇu와 pradeśa에 관하여,On paramāṇu and pradeśa in Jaina Philosophy,이규완(경상대학교 인문학연구소)
ART002421696,2018,12,54,,철학,대·소본 『반야심경』의 비교를 통한반야바라밀다주 고찰,A Study on whether or not the Prajñāpāramitā is a Spell through the Comparison of the Large Heart sutra version and Small Heart Sutra version,이태승(위덕대학교)
ART002421737,2018,12,54,,철학,Intellectual History: Pivoting on Historicity in Philosophy_An Example from Buddhism_,Intellectual History: Pivoting on Historicity in Philosophy_An Example from Buddhism_,조석효(고려대학교)
ART002065657,2015,12,45,,철학,사회 갈등과 불교의 역할 - 스리랑카를 중심으로 -,Social Conflicts and the Role of Buddhism: Centering to Sri Lanka,야나로카(금강대학교)
ART002065661,2015,12,45,,철학,벵골 신여성의 주체적 자각 양상,The Aspect of New Woman and Subjective Self-Awareness in Bengal,박금표(한국외국어대학교)
ART002665410,2020,12,60,,철학,원효의 정토사상과 범본 『무량수경』1: 왕생자를 중심으로,Wŏnhyo’s Thought on Pure Land Buddhism and Muryangsu- gyŏng(Larger Sukhāvatīvyūha-sūtra) in Sanskrit Version 1: focused on the attainer of Land of Bliss(Sukhāvatī),김호성(동국대학교)
ART002665471,2020,12,60,,철학,고전 산스크리트 희곡 수사법에 관한 일고찰: 『나가난다』의 적용례 분석을 중심으로,A Brief Study on Practical Application of Alaṃkāra in Sanskrit Literature: Focused on the examples in the verses of the Nāgānanda,류현정(서울대학교)
ART002618586,2020,08,59,,철학,『안반수의경』의 수식관(數息觀)과 요가의 조식(調息),The Ānapānasati of Buddhism and the Prāṇāyāma of Yoga,최현성(동국대학교) ; 정승석(동국대학교)
ART002618759,2020,08,59,,철학,『사르바다르샤나상그라하』(Sarvadarśanasaṅgraha) 제13장 「빠니니다르샤나」(Pāṇinidarśana)의 연구 (Ⅰ): 문법학은 어떻게 다르샤나가 될 수 있는가?,A Study of the Pāṇinidarśana Chapter of the Sarvadarśanasaṅgraha (I): How Can Vyākaraṇa Become a Darśana?,박수영(동국대학교)
ART002138522,2016,08,47,,철학,불교와 미맘사 사이에 끼인 상캬의 정체성 - Sāṃkhya-kārikā 제1～2송에 대한 Yuktidīpikā 주석에 등장하는 불교도․미맘사학파와의 논쟁 분석 -,The Identity of the Sāṃkhyas Sandwiched between Buddhists and the Mīmāṃsakas,함형석(고려대학교 민족문화연구원)
ART002138523,2016,08,47,,철학,요가수뜨라에서 옴(oṃ)의 의미와 자재신과의 관계,The Meaning of Oṃ and its Relationship with Īśvara in the Yogasūtra,황유원(동국대학교) ; 정승석(동국대학교)
ART002138530,2016,08,47,,철학,독자부 및 정량부의 유위상(有爲相) 체계에 관하여 - 『중론』 제7장을 중심으로 -,The Saṃskṛta - lakṣaṇa(conditioned elements) System of Vātsīputrīya & Sāṃmitīya : Based on Madhyamakakārikā chapter 7,정상교(도쿄대학 대학원 인도철학-불교학과 박사)
ART002138534,2016,08,47,,철학,켄 윌버 통합철학의 베단따 철학의 수용,Ken Willber's Integral philosophy acceptance of Vedānta philosophy,주명철(동방문화대학원대학교)
ART002182073,2016,12,48,,철학,"Dīkṣā의 세 가지 이미지 - 들어가기, 정화하기, 봉헌하기 -","On Three Images of Dīkṣā: entering, purifying, dedicating",박문성(가톨릭대학교)
ART002750207,2021,08,62,,철학,인도철학에서 텍스트 재사용 사례 분석__ ‘가고 있는 나무’ 모티프를 중심으로 __,A Case of Seeing Moving Trees: An Analysis of Textual Reuse in Indian Philosophy,조율희(전남대학교)
ART002750214,2021,08,62,,철학,고전요가의 ‘śabda’(말)에 대한 관점__Yogabhāṣya를 중심으로__,Classical Yoga System’s Perspectives on Words: Focused on the Yogabhāṣya,손경록(동국대학교)
ART002750226,2021,08,62,,철학,힌두교의 개혁과 박띠즘,Hindu Reform Movement and Bhaktism,최지연(한국외국어대학교 인도연구소)
ART002951081,1994,11,4,,철학,무아와 윤회의 양립 문제,무아와 윤회의 양립 문제 l,정승석(동국대학교)
ART002951283,1997,12,7,,철학,초기 우파니샤드의 명상 개념 Ⅰ_우파사나(upāsana)를 중심으로_,초기 우파니샤드의 명상 개념 Ⅰ_우파사나(upāsana)를 중심으로_,김호성(동국대학교)
ART002951284,1997,12,7,,철학,브라흐마 수뜨라 ‘catuḥsūtrī’에 대한 샹까라의 해석 (Ⅰ),브라흐마 수뜨라 ‘catuḥsūtrī’에 대한 샹까라의 해석 (Ⅰ),이지수(동국대학교)
ART002951290,1997,12,7,,철학,[번역] 吐蕃王國佛敎史年代考 _ 야마구치 즈이호(山口瑞鳳),[번역] 吐蕃王國佛敎史年代考 _ 야마구치 즈이호(山口瑞鳳) l,이태승(위덕대학교)
ART002951324,1999,12,9,,철학,古典 상-캬의 哲學 (Ⅰ) ─『상-캬․까-리까-(數論頌)』를 중심으로─,古典 상-캬의 哲學 (Ⅰ) ─『상-캬․까-리까-(數論頌)』를 중심으로─ l,이지수(동국대학교)
ART002951607,2000,12,10,,철학,우파니샤드와 팔리 경전에 나타난 Nāma-rūpa의 개념,우파니샤드와 팔리 경전에 나타난 Nāma-rūpa의 개념,김삼묵(California Institute of Integral Studies)
ART002951608,2000,12,10,,철학,『이샤 우파니샤드』에 대한 샹카라와 오로빈도의 해석 비교,『이샤 우파니샤드』에 대한 샹카라와 오로빈도의 해석 비교 l,김호성(동국대학교)
ART002951623,2001,12,1,11,철학,초기불교의 경전에 나타난 사마타와 위빠싸나,초기불교의 경전에 나타난 사마타와 위빠싸나 l,임승택(경북대학교)
ART002954543,2002,08,1,12,철학,대승空有논쟁의 진실과 허상 _논쟁의 사상적 배경을 중심으로_,Truth and Virtual Image of Mahāyāna’s Controversy of Śūnya(空) and Vijñāna(識),이현옥(동국대학교)
ART002954616,2002,02,2,11,철학,「 大智度論 」의 四悉檀 ( Siddh ā nta )( I ),Les Quatre Siddhānta dans le Mahāprajñāpāramitā-śāstra (Ⅰ),서성원(동국대학교)
ART002954641,2002,02,2,11,철학,清辯의 緣起語義解釋,Bhāvaviveka’s Interpretation on the term Pratītyasamutpāda,이태승(위덕대학교)
ART002954657,2002,02,2,11,철학,율장에 나타난‘不同住(nānāsaṃvāsaka)’에 관하여,On nānāsaṃvāsaka in the Vinaya texts,이자랑(동국대학교)
ART002796793,2021,12,63,,철학,무량수경 제22원의 번역 문제__범본 및 한역의 대조를 중심으로__,Some Problems on the Translation of the 22nd Vow in the Longer Sukhāvatīvyūha Sutra: Focused on the Comparison between Sanskrit Version and Chinese Version,김호성(동국대학교)
ART002796797,2021,12,63,,철학,인식의 모호함이 향하는 문학적 귀결__영화 <버닝>에 대한 단상들__,From the Ambiguity of Perception to Literary Conclusion: Thoughts on the movie “Burning”,류현정(서울대학교)
ART002710631,2021,04,61,,철학,빠알리어 동사어간을 만드는 활용문자에 관한 연구 _『목갈라나 문법』과 『깟짜야나 문법』의 규칙을 중심으로_,A Study of Conjugational Sign(Vikaraṇa) in Pāli Grammar with reference to Moggallāna-Vyākaraṇa and Kaccāyana-Vyākaraṇa,김서리(동국대학교)
ART002711192,2021,04,61,,철학,율장에 언급된 실수마라(失守摩羅)의 연원과 변용,Sources and Modifications of Śiśumāra Mentioned in Vinaya-piṭaka,김영호(동국대학교 인도철학불교학연구소) ; 정승석(동국대학교)
ART001658537,2012,04,34,,철학,Karma-yoni 개념의 상키야 철학적 적용과 유래,Application and Origin of Sāṃkhya Philosophy on the Concept of Karma-yoni,이영석(동국대학교)
ART001223979,2008,02,24,,철학,『파피용』과 힌두철학_ ‘고통의 반복과 그 탈출’에 관한 전략 읽기,Le Papillon Des Étoiles and Hindu Philosophy: Reading Strategy on ‘Repetition of Suffering and Escape from Suffering’,박효엽(경북대학교)
ART001476680,2010,08,29,,철학,翻梵語의 원어 착란 사례,An Example of Misunderstanding Original Words in the Sanskrit-Chinese Translation,정승석(동국대학교)
ART001476682,2010,08,29,,철학,동음이의 음역어의 난맥상 분석 : 가라를 중심으로,An Analysis on the Chaotic Aspect of Original Words and Meaning of the Transliterated Terms in Chinese Buddhist Texts: The Case of Gara Pronounced in Korean,김미숙(동국대학교)
ART001476688,2010,08,29,,철학,근대 힌두여성과 사띠(Sati) 담론의 형성,A Study on the Formation of Hindu Women's Discourse on ‘Sati(burning widow)’ in Modern India,김진영(동국대학교)
ART001476692,2010,08,29,,철학,초기불교의 번뇌,Defilements in Early Buddhism,김재성(서울불교대학원대학교)
ART001476693,2010,08,29,,철학,철학용어의 의미 만들기 : 인도의 니룩따(nirukta)전통과 냐야바샤(Nyāyabhāṣya)에서 설명된 ‘jāti’의 경우,Make Meaning for Philosophical Terms: The Case of ‘jāti’ Explained in the Nyāyabhāṣya,강성용(서울대학교)
ART001476698,2010,08,29,,철학,‘keśa : 눈병 걸린 자에게 나타나는 머리카락’ 비유에 관한 고찰,The Inquiry of the Metaphor of the 'Keśādi appearing to the Taimirika',김성옥(동국대학교)
ART001424040,2010,02,28,,철학,깔리다싸(Kālidāsa)의 서정시에 나타난 비유 고찰_인도철학적인 의미를 중심으로,Study on Metaphor Reflected in Kālidāsa's Lyrical Poems : With Special Reference to the Meaning of Indian Philosophy,임근동(한국외국어대학교)
ART001424070,2010,02,28,,철학,위빠사나 명상 수행을 통한 공성의 이해,Comprehension of the doctrine of Voidness(suññata) in the Light of the Vipassanā Meditation,이은주(한국외국어대학교)
ART001424072,2010,02,28,,철학,초기 부파불교에서의 비유와 열반_upādi 또는 upadhi 개념을 중심으로,Metaphor and Nirvana in the Early Buddhist Canon,황순일(동국대학교)
ART001424073,2010,02,28,,철학,자아(self)와 개인(person)에 대한 정의 고찰_초기불교를 중심으로,Some Thoughts on the Definition of Self and Person : Centered on Early Buddhism,최경아(동국대학교)
ART001424076,2010,02,28,,철학,초기 漢譯 불전에서 원어의 변용 사례_Bhadraka와 Āḷavaka를 중심으로,An Example of Transfiguration of the Original Word in Buddhist Texts Translated Early into Chinese : Focused on Bhadraka and Āḷavaka,정승석(동국대학교)
ART001424080,2010,02,28,,철학,불교철학에 있어 학파적 복합성과 독단성(1)_世親의 唯識二十論에서의 외계대상 비판의 경우,An Investigation into Vasubandhu's Criticism of An External Object in Viṃśatikā,권오민(경상대학교)
ART001424081,2010,02,28,,철학,진언집 梵字 한글음역 대응 한자음의 연원과 그 해석,A Research into the Origin and Explanation of the Chinese Transliteration of Sanskrit Letters in Korean ‘Jin-eon-jip’,이태승(위덕대학교)
ART001511016,2010,12,30,,철학,한역 중아함경 상당 산스크리트 사본 잔엽들 : 조사 현황과 전망,The Present State of Research and the Prospect for Sanskrit Fragments about Madhyamāgama(Zhong-ahanjing),정진일(독일굇팅겐불교산스크리트사전편찬소)
ART001726599,2012,12,36,,철학,「삼장가타」에 대한 규기의 해석,Kuigi's Interpretation on Hyunjang's Gāthā,박인성(동국대학교)
ART001726601,2012,12,36,,철학,우슈니샤의 번역 용례와 도상학적 상징 분석,An Inquiry into the Iconographical Symbol and Translated Terms of Uṣṇīṣa,김미숙(동국대학교)
ART001726602,2012,12,36,,철학,"법에 대한 갈애(Dharmatṛṣṇā): 보살은 집착하는가(abhiniviśate), 집착하지 않는가(nābhiniviśate)?",Craving to Teachings(dharmatṛṣṇā) : Does a Bodhisattva cling to teachings or not?,이영진(금강대학교)
ART001726615,2012,12,36,,철학,『목갈라나 문법』(Moggallāna-vyākaraṇa)의 체계성 고찰,A Study on the Systemicity of Moggallāna-vyākaraṇa,김서리(동국대학교)
ART001618786,2011,12,33,,철학,금강저의 인도 신화적 기원과 상징적 원형,Indian Mythical Origin and Symbolic Archetype of Vajra,김미숙(동국대학교)
ART001618793,2011,12,33,,철학,께나우파니샤드 연구 : 샹까라의 주석을 통한 브라흐만에 대한 고찰,The Kena Upaniṣad: A study of the Brahman through the Commentary of Śaṁkara,임근동(한국외국어대학교)
ART001618809,2011,12,33,,철학,하리바드라의 Abhisamayālaṅkārālokā에 나타난 논서의 시작(Śāstrārambha),The Śāstrārambha(beginning of treaties) of Abhisamayālaṅkārālokā,이영진(금강대학교)
ART001764349,2013,04,37,,철학,요가행자의 수행과 범행의 범위,The Practice for the Yogin and the Limit of Continence,안필섭(동국대학교)
ART001764353,2013,04,37,,철학,사별가족상담을 위한 불교적 방안 연구,A Study of the Buddhist Grief-Counselling for the Bereaved,이남경(동국대학교)
ART001801177,2013,08,38,,철학,Mahākapi Jātaka의 변천 __동물우화에서 인간적 합리적 이야기로__,The Transition of the Mahākapi Jātaka: from Animal Fable to Humanistic Rational Story,황순일(동국대학교)
ART001801189,2013,08,38,,철학,붓다 고행담의 전개양상과『석보상절』 고행담 고찰,Study on the Development Aspects of the Buddha's Ascetic Practices and Those of Seokbosangjeol,김유미(동국대학교)
ART001801193,2013,08,38,,철학,유식(唯識)의 ‘동시 지각의 필연성’ 개념에 대한 요가 철학의 비판,A Study on Sahopalambha-niyama as the Reason of Vijñaptimātra: in the Case of Being Criticized by the Commentators of Yoga Philosophy,정승석(동국대학교)
ART001801205,2013,08,38,,철학,불교에 인식된 자이나교의 실체 분석__파에시 논쟁과 지바의 특성을 중심으로__,An Analysis of the Facts of Jainism in Buddhist Cannon: Centering Around the Paesi's Arguments and the Specific Character of Jīva(Soul),김미숙(동국대학교)
ART001370978,2009,08,27,,철학,法稱(Dharmakīrti)의 감각지각(indriyapratyakṣa)론은 과연 經量部적인가? __上座 슈리라타(Ṡrīlāta)의 감각지각 불신론과 이에 대한 世親의 절충론을 통해 본 경량부 前5識說의 전개 과정__,The Sautrāntika Notion of Ālambana and its Dārṣṭāntika Precursor,박창환(금강대학교)
ART001371013,2009,08,27,,철학,『바가와드 기따』에 나타난 끄르슈나의 논증과 그 평가,Kṛṣṇa's Argument in Bhagavad-gītā and Its Evaluation,박효엽(경북대학교)
ART001371019,2009,08,27,,철학,범본에 의거한 般若心經의 이해,An Understanding on the Prajñāparāmitā-hṛdaya-sūtra Based on the Sanskrit Text,이지수(동국대학교)
ART001371026,2009,08,27,,철학,박띠와 쁘라빠띠의 상관성 연구 __라마누자의 실천론을 중심으로__,Research about Interrelationship of Bhakti and Prapatti: In Practice Theory of Rāmānuja,주명철(동방대학원대학교)
ART001371045,2009,08,27,,철학,梵･藏･돈황본 『금강경』 대조 연구,"Comparative Study of the Sanskrit, Tibetan and Dunhuang Vajracchedikā-prajñāpāramitā Sūtras",최종남(중앙승가대학교)
ART001371054,2009,08,27,,철학,초기 유가행파의 존재론의 형태와 그 의의 : 삼성과 이제의 관계를 중심으로,The Structure of the Ontology of the Early Yogācāra-vijñānavāda and Its Significance: With Special Reference to the Relationship between the Three Natures and the Two Truths,김재권(서울대학교)
ART001549242,2011,04,31,,철학,세친 정토론의 정토사상과 유식불교의 상관성 연구,The Correlation Study of Vasubandhu's Thought of Pure Land in Treatise on Pure Land and Yogācāra,주명철(동방대학원대학교)
ART001273056,2008,08,25,,철학,민족주의와 달리트의 집단개종(1858-1947),Mass conversion of Indian dalit and nationalism,강희숙(숭실대학교)
ART001273061,2008,08,25,,철학,남북전의 서술양상에 따른 四念處의 위상,A Standing of Four Establishments Mindfulness which is followed by descriptive form of in the Early Buddhist Texts,김준호(경북대학교 동서사상연구소)
ART001320771,2009,02,26,,철학,상키야 사상에 대한 라마누자의 비판,Rāmānuja's Criticism of Sāṃkhya Philosophy,이거룡(선문대학교)
ART001320776,2009,02,26,,철학,상윳따 니까야 인연상응(Nidāna-Saṃyutta)의 연기 유형,On the Formulation of Dependent Origination(Paṭiccasamuppāda) at Nidānasaṃyutta in the Saṃyuttanikāya,김홍미(동국대학교)
ART001223982,2008,02,24,,철학,인도미술에 나타난 불교음악 고증 악기를 중심으로,Archaeological Inquiry into Buddhist Music within Indian Art With Reference to the Musical Instruments,권기현(위덕대학교)
ART001223983,2008,02,24,,철학,아라한 개념의 발전과 전개 심해탈과 혜해탈을 중심으로,The Development of Arahant's Conception Focus on Cetovimutti and Paññāvimutti,이필원(동국대학교)
ART001223986,2008,02,24,,철학,"수슘나 나디의 수행적, 세속적 의미_Śiva Svarodaya를 중심으로",Meaning of Suṣumnā Nāḍīin Practice and Material Life,김재민(전주대학교)
ART001987248,2015,04,43,,철학,"웰빙(well-being)시대의 음식윤리 모색 - 불교적으로 먹고, 윤리적으로 살기의 일상적 실천 -",The Search for Food Ethics in the Age of Well-being : Eating in the Buddhist way and living ethically is the answer,허남결(동국대학교)
ART001987251,2015,04,43,,철학,불교계 사회복지시설 종사자의 불교 경험에 관한 질적 사례연구 - 비불교인을 중심으로 -,A qualitative case study on Buddhist experiences of social welfare workers in Buddhist social welfare facilities : Focusing on non-Buddhists,임해영(성균관대학교)
ART001987252,2015,04,43,,철학,네팔本 Skandapurāṇa(adhyāya 163-165)에 나타난 스깐다 탄생신화 小考 - SPBh와 S1을 참고하여 -,A Note on the Birth of Skanda in Nepalese Skandapurāṇa(adhyāya 163-165),심재관(상지대학교)
ART001987253,2015,04,43,,철학,오키 마사히로(沖正弘)의 요가행법이 한국요가계에 미친 영향에 관한 연구,The Study On The Influence Of Oki Mashahiro's Yoga Practice To Korean Yoga,심준보(동국대학교)
ART002022050,2015,08,44,,철학,샹까라의 인중유과론(因中有果論)에 대한 한 해석,An Interpretation of Satkāryavāda in Śaṅkara,박효엽(경북대학교)
ART002022080,2015,08,44,,철학,『해심밀경』에 나타난 3성설의 해석과 후대 인도-티벳 전통에 끼친 영향,Three Nature Theory in Saṃdhinirmocanasūtra and its Influence on Indian and Tibetan Traditions,안성두(서울대학교)
ART002022121,2015,08,44,,철학,현대사회와 헬레나 노르베리 호지의 행복이론 - 라다크 사례와 행복의 경제학을 중심으로 -,The Economics of Happiness in Contemporary Society : Helena Norberg-Hodge with the Ladakh Localization of the Happiness Theory,김진영(서강대학교 철학연구소)
ART002022145,2015,08,44,,철학,The Advent of a Religious King to Sri Lankan Theravāda Tradition,The Advent of a Religious King to Sri Lankan Theravāda Tradition,김경래(동국대학교)
ART002022158,2015,08,44,,철학,Buddhist Meditation as Seen in the Pūrṇāvadāna,Buddhist Meditation as Seen in the Pūrṇāvadāna,박청환(중앙승가대학교)
ART001945969,2014,12,42,,철학,‘시대와 삶과 학문’과 불연 이기영,"‘Era, Life, Scholarship’ and Prof. Rhi Ki-Young",정호영(충북대학교)
ART001946015,2014,12,42,,철학,향운(香雲) 정태혁 박사의 학문과 실천 ＿배우며 생각하며 수행하며 전념한 후학 양성＿,"The Life and Work of Hyangwoon Jung Tae-Hyuk: Pursuit of the truth, cultivation of mind, and dedication to training younger scholars",정승석(동국대학교)
ART001946061,2014,12,42,,철학,파슈파타 학파와 그리스도교 수도승의 음식규정에 대한 고찰,A study on the rule of food in Pāśupata and Christian monachus,박문성(가톨릭대학교)
ART001946190,2014,12,42,,철학,<대지도론>에 나타난 대승의 염불과 선 ＿청화의 실상염불선과 관련하여＿,Recitation of the Buddha’s name and Seon Mahāyāna Tradition in the Mahāprajñāpāramitaśāstra,박경준(동국대학교)
ART001946278,2014,12,42,,철학,"연기법송, 아리야 운율, 그리고 빨리 율장대품","Pratītyasamutpādagāthā, Āryā Metre, and Mahāvagga of Pali Vinaya",황순일(동국대학교)
ART001946282,2014,12,42,,철학,최근의 불교학 연구동향으로 본 인도 필사본 연구의 중요성,The Increasing Importance of Indic Manuscripts in the field of Buddhist Studies,이영진(금강대학교)
ART001946306,2014,12,42,,철학,동남아시아의 빨리어(Pāli) 문자와 불교사본,Various Pali scripts and Buddhist manuscripts in Southeast Asia,강대공(출라롱콘대 태국학연구소)
ART001946326,2014,12,42,,철학,반주삼매(般舟三昧)와 대승불교의 기원,Pratyutpannasamādhi and the Origin of Mahāyāna,한재희(동국대학교)
ART001911157,2014,08,41,,철학,불성( 佛性 )과 영성( 靈性 ),Spirituality and Buddha Nature,마츠모토 시로(고마자와대학)
ART001911159,2014,08,41,,철학,<열반경(涅槃經)>의 불성 개념에 대한 영성적 이해 _열반사(涅槃師)의 일천제성불(一闡提成佛)에 대한 논의를 중심으로_,A Study on the Meaning of Buddha-nature in Nirvāṇa Sutra from the Viewpoint of Spirituality : in the Case of Nirvāṇa School's Theory of Icchantikas Become Buddha,하유진(금강대학교)
ART001911160,2014,08,41,,철학,현대적 영성 문화 및 관련 사상의 대두와 불교적 과제의 모색,The Rise of Contemporary Spiritual Culture with Its Related Disciplines and Search for the Task for Buddhism,황용식(서울불교대학원)
ART001911238,2014,08,41,,철학,초기불교에 나타난 대승공관의 기초 __맛지마 니까야의 『소공경』과 『대공경』을 중심으로__,The Early Buddhist Basis of the Mahayana Concept of Emptiness: A Study based on the Cūlasuññata-sutta and the Mahāsuññata-sutta of the Majjhima Nikāya,담마끼띠(동국대학교)
ART000939680,2004,02,16,,철학,정리학파의 16주제의 정의-'정리경' 제1편의 해석,"Definitions of the 15 Padaarthas of the Nyaaya System: Annotated Translation f the Nyaaya-suutra, the first Adhyaasa",이지수(동국대학교)
ART000939684,2004,02,16,,철학,상키아(Saa'mkhya)의 아관,The View of Selfness in the Saa'mkhya,김경춘(동국대학교)
ART000939685,2004,02,16,,철학,베다 제식에서의 다끄시나(dak.si.naa)의 의미,The Meaning of the Dak.si.naa in the Vedic Ritual,김진영(동국대학교)
ART000939934,2004,08,17,,철학,람 모한 로이의 종교사회개혁 사상,The Doctrine of Ram Mohan Roy of the Religious and Social Reform,김선근(동국대학교)
ART001077006,2007,08,23,,철학,범본 반야심경의 음역과 원문의 재조명,Renewed Discussion about the Transliteration and the Original Text of PrajJApAramitA-hRdaya-sUtra,정승석(동국대학교)
ART001077467,2007,08,23,,철학,반야심경의 眞言(mantra)에 대한 고찰_인도 찬술 주석서들을 중심으로,Considerations on the mantra of the PrajJApAramitAhRdaya sUtra,김호성(동국대학교)
ART001077695,2007,08,23,,철학,붓다와 전륜성왕에게 행한 유해 방식은 닮았는가_초기 열반경을 중심으로,The Relation of Buddha and Cakkavatti Kings in Funeral Ceremony: With a special focus on the early mahAparinirvaNasuttanta,원혜영(연세대학교)
ART001077696,2007,08,23,,철학,붓다의 열 가지 호칭의 기원과 전개,The Origin and Development of the Ten Appellations of the Buddha,황순일(동국대학교)
ART001077697,2007,08,23,,철학,초선의 경험과 회상 그리고 서술_붇다 일대기에서 초선에 대한 서술이 갖는 특징과 그 의미들,"Experience, Recollection and Description of the First Meditation",강성용(오스트리아비엔나대학교)
ART001056243,2007,02,,22,철학,고전 요가의 호흡법의 원리,The Principle of Regulating the Breath in Classical Yoga Philosophy,정승석(동국대학교)
ART001056244,2007,02,,22,철학,초기불교 상가에서 화상과 제자의 관계,The Relationship between Hwasang and Student in the Primitive Buddhist Saṃgha,신성현(동국대학교)
ART000939681,2004,02,16,,철학,사띠(Sati/sm.rti:념)는 왜 '수동적 주의집중'인가-초기불교경전에 나타난 염의 교설에 대한 재검토,Why the Word 'Sati' is the Meaning of 'Passive Attention': A Critical Review on the concept of Sati in the paali Texts,조준호(조선대학교)
ART000939682,2004,02,16,,철학,＂Pramaa.na＂와 ＂Pratyak.sa＂에 대하여,"On ""Pramaa.na"" and ""Pratyak.sa""",강성용(서울대학교)
ART000939683,2004,02,16,,철학,유여열반에 대한 설일체유부의 아비달마적 해석,The Sarvaastivaadin's Abhidharmic Interpretation on Saupadhi'se.sa-nirvaa.na,황순일(충북대학교)
ART000939686,2004,02,16,,철학,고전 요가 좌법의 다양성,Equivocalness of Aasana in Classical Yoga,정승석(동국대학교)
ART000940369,2004,02,16,,철학,세친의 유위 4상 비판에 대한 중현의 반론-4상과 관련한 몇가지 쟁점을 중심으로,Sa'nghabhadra's Counter-argument to Vasubandhu's Criticism on the Four Charactristics of Conditioned Dharmas: Concentration on Problematic Issues on the Four Charactristics,황정일(용인대학교)
ART000940370,2004,02,16,,철학,사념처의 심리적 지평에 관한 일고찰-5가지 장애(pa~ncaniivara.naani)의 문제를 중심으로,A Study on the Mental State of Cattaaro Satipa.t.thaa.naa: Focusing on the Problem of 'Five Hindrances'(pa~ncaniivara.naani),임승택(동국대학교)
ART000978562,2004,08,17,,철학,크리쉬나무르티에 있어서의 생각(thoughts)를 살펴봄(1),Looking into Thought in Krishnamurti (I),황용식(서울불교대학원대학교)
ART001871426,2014,04,40,,철학,아빠랄라 나가(Apalāla nāga) 이야기를 통해 본 불교 내러티브 연구,A Study on the Narrative of Apalāla in the Mūlasarvāstivādavinayabhaiṣajyavastu,박청환(중앙승가대학교)
ART001871676,2014,04,40,,철학,파야시 논쟁 문헌에 나오는 도박 비유를 중심으로 분석한 고대 인도의 놀이 문화,Analysis Of The Ancient Indian Playing Culture With Gambling Metaphor In The Literature Of Pāyāsi Argument,김미숙(동국대학교)
ART001873841,2014,04,40,,철학,아트만(ātman)과 푸루샤(puruṣa) 개념의 교차점,The Intersection between Ātman and Puruṣa,강형철(동국대학교)
ART001830188,2013,12,39,,철학,"아유르베다, 요가, 딴뜨라에서 몸(Śarīra)의 구원론적 의미_5종 조대요소 병렬구조, 5겹 덮개 중층구조, 남성-여성 양극구조를 중심으로_","The Salvational Meaning of the Śarīra (Body) represented in Āyurveda, Yoga and Tantra:Focusing on the Parallel Structure of Five Elements(Pañca-mahābhūta), the Multi-layer Structure of Five Covers(Pañca-kośa) and the Bipolar Structure of Śiva-Śakti",이거룡(선문대학교)
ART001580441,2011,08,32,,철학,"샹까라에서 자아와 타자, 그리고 경계의 신","The Self, the Other, and Liminal God in Śaṅkara",박효엽(경북대학교)
ART001580467,2011,08,32,,철학,불교에서 업의 결정성과 지각작용,Perception and Karma in Buddhism with Reference to the Problems around the Determinism,안성두(서울대학교)
ART001580481,2011,08,32,,철학,유가행파의 ‘여래장’ 개념 해석 Ⅱ,On the Re-interpretation of the Term 'Tathāgatagarbha' in the Early Yogācāra School,김성철(금강대학교)
ART001580488,2011,08,32,,철학,구사론주(kośakāra) 세친(Vasubandhu)과 『능가경』(Laṅkāvatārasūtra),Kośakāra Vasubandhu and the Laṅkāvatārasūtra,박창환(금강대학교)
ART001687652,2012,08,35,,철학,아함에 나타난 몸 관찰 수행방법의 순차성,The Order of Body Observing Meditation in Agama,강명희(동국대학교)
ART001687655,2012,08,35,,철학,사띠(sati)와 사마디(samādhi)의 중도적 구조에 대한 연구_초기불교와 현대심리학을 중심으로_,A Study on Middle-Path Structure in Sati and Samādhi,김범진(서울불교대학원대학교)
ART001687661,2012,08,35,,철학,힌두교와 불교에서 방위와 수호신의 관계 비교,A Study of the Comparison of Relationship between World-protectors in Hinduism and Buddhism,변순미(동국대학교)
ART001687662,2012,08,35,,철학,사고(思考)에 대한 붓다와 알버트 엘리스(Albert Ellis)의 견해,The Buddha's and Albert Ellis' View of Thinking,안양규(동국대학교)
ART001658527,2012,04,34,,철학,요가 철학에서 비판한 불교의 실체 : 요가주 제3장을 중심으로,,정승석(동국대학교)
ART001658543,2012,04,34,,철학,삶의 질적 향상과 요가 철학의 고행주의 : 고전 요가 8지 중 권계를 중심으로,Improvement in the Quality of Life and Asceticism of Yoga Philosophy,안필섭(동국대학교)
ART001658551,2012,04,34,,철학,석가족 몰살의 내러티브 고찰 : 根本說一切有部毘奈耶雜事를 중심으로,A Study on the Narrative of the Śākyas' massacre by Virūḍhaka in the Mūlasarvāstivādavinayakṣudrakavastu,박청환(중앙승가대학교)
ART001658560,2012,04,34,,철학,"사대요소설과 명상수행, 그리고 수행의 효과 : MN. No. 62 Mahārāhulovādasutta를 중심으로",The Theory of the Four Great Elements Concerning Meditation and the Effects of Practice,이필원(동국대학교)
ART001172617,2004,08,17,,철학,중론에 나타난 용수의 열반관에 대한 고찰,A Study on the View of Naagaarjuna's Nirvaa.na in the Mdhyamaka-Kaarikaa,문을식(서울산업대학교)
ART001172672,2004,08,17,,철학,샹까라와 수레쉬와라에 있어서 '연속과 불연속의 방법'(anvayavyatireka-nyaaya),The Method of 'Continuity and Discontinuity'(anvayavyatireka) in 'Sa'nkara and Sure'svara,박효엽(경북대학교)
ART001172674,2005,02,18,,철학,티베트 불교에서의 여래장 해석__ 自空說과 他空說의 차이를 중심으로,Tathgatagarbha Interpretations in the Tibetan Buddhism : with Special Reference to the Rang stong-gZhan stong Differences,안성두(서울대학교)
ART001172676,2005,08,19,,철학,인도의 天觀 연구__ 生天(svarga)을 중심으로,A Study of Views on Heavens in India: with special reference to ‘svarga’,김재천(대진대학교)
ART001172677,2005,08,19,,철학,유식문헌에서의 三性說의 유형과 그 해석,The Types of the Trisvabh？va theory and their Interpretations: in the Early Indian Yog？c？ra Literatures,안성두(서울대학교)
ART001172737,2006,02,,20,철학,요가행자의 證知의 인식대상,On the Object of Yogipratyak？a,우제선(동국대학교)
ART001172742,2006,08,,21,철학,인도 전통 설화와의 비교를 통해 본 불교 설화의 세계관 고찰,Buddhist World View in Terms of the Comparative Study of Buddhist and Traditional Indian Folk Tale,허인섭(덕성여자대학교)
ART001172789,2006,08,,21,철학,"제식의 잃어버린 머리신화, Pravargya祭",A Study on the Pravargya as the Missing Head Myth of Makha,김진영(동국대학교)
ART001172791,2006,08,,21,철학,보살윤리의 성격과 그 기준 -『보살지』를 중심으로,The Characteristics and the Criterion of the Bodhisattva-Ethics in the Bodhisattvabh？mi,안성두(서울대학교)
ART001172792,2006,08,,21,철학,離一多性證因과 관련된 因의 三相에 대하여,On The Three Characters of The Reason of Ek？nekasvabh？vaviyoga,이태승(위덕대학교)
ART000989593,2005,02,18,,철학,A？oka王의 淨土觀,King Asoka's Philosophy of Pure Land Buddhism,서병진(동국대학교)
ART000995881,2006,02,,20,철학,대승 大般涅槃經의 수행관.,The Practical theories of the Mah？y？na Mah？parinirv？？as？tra,이법산(동국대학교)
ART000995883,2005,08,19,,철학,초기불교 텍스트에서 나타난 상수멸(sa？？？vedayitanirodha)의 불일치와 모순,Divergencies and Inconsistencies of the ‘Sa？？？vedayitanirodha’ in early Buddhist texts,이영진(중앙승가대학교)
ART000995884,2005,08,19,,철학,공동체를 위한 네 가지 항목__ 초기 열반경에서 찬나 범단법의 의의,Four Conditions for the Community of the Early Buddhism,원혜영(연세대학교)
ART000996302,2005,02,18,,철학,불정존승다라니경의 의미 해석__ 망월사 진언집의 실담범자를 중심으로,Semantic Interpretation of Sarvadurgatipari？odhana-u？？i？avijayadh？ra？？ : as a Principal Mantra Anthology from Mangweol Temple,변순미(장경도량고려대장경연구소)
ART000996303,2005,02,18,,철학,설일체유부(Sarv？stiv？din)에서 개념(sa？j？？)과 명칭(n？man),Conception(sa？j？？)and name(n？man) in the Sarv？stiv？dins,황순일(동국대학교)
ART000996304,2005,02,18,,철학,티베트 불교의 사원교육제도,The Monastic Education System in Tibetan Buddhism,안병남
ART001801184,2013,08,38,,철학,출가자의 식생활과 현대의 웰빙 __사찰음식의 보급과 관련하여__,A Study on Buddhist Monks’ Dietary Life in Relation to the Contemporary Culture of Well-Being,이자랑(동국대학교)
ART001801196,2013,08,38,,철학,니야야ㆍ상키야의 감관도달설에 관한 몇 가지 논의들,Several Cases of Doctrinal Arguments for the Prāpyakārin in Nyāya and Sāṃkhya,강형철(동국대학교)
ART001801200,2013,08,38,,철학,아드와이따 베단따의 ‘보기’ 망각에 관하여,On the Oblivion of ‘Seeing’ in Advaita Vedānta,박효엽(경북대학교)
ART001764347,2013,04,37,,철학,베다 초기에 나타난 죽음(mṛtyu) 개념의 기원과 전개 양상,A Study on Death and Afterlife Conceptions in the Early Vedas,김진영(한림대학교)
ART001764348,2013,04,37,,철학,나라다의 박띠 수행에 대한 고찰__고전 요가와 대비를 중심으로__,A Study on Narada's Bhakti-Yoga Forcusing on Classical Yoga,주명철(동방대학원대학교)
ART001764350,2013,04,37,,철학,초기 유가행파의 <입무상방편상>의 구조와 그 사상적 의의,On the Structure and Philosophical Significance of Asallakṣaṇānupraveśopāyalakṣaṇa in the Early Yogācāra's School,김재권(동국대학교)
ART001764351,2013,04,37,,철학,여래장사상에서 자아와 무아,Ātman and Anātman in the Tathāgatagarbha Tought,김성철(금강대학교)
ART001764352,2013,04,37,,철학,삶과 죽음에 대한 불교 딴뜨리즘의 과제,Development of Buddhist Tantrism Concern about Life and Death,정성준(동국대학교)
ART001830073,2013,12,39,,철학,아파다나 카라카(apādāna-kāraka)에 대한 파니니(Pāṇini)의 정의,Apādāna-kāraka in the Aṣṭādhyāyī,김현덕(동국대학교)
ART001830128,2013,12,39,,철학,『하타(요가)쁘라디삐까』Haṭha(yoga)pradīpikā의 시형론 I_389송에 대한 운율 분석_,On The Prosody of Haṭha(yoga)pradīpikā (I),박영길(금강대학교)
ART001830136,2013,12,39,,철학,자이나의 Pradeśa 개념,The Concept of Jaina Pradeśa,최지연(동국대학교)
ART001830200,2013,12,39,,철학,번뇌(煩惱)와 길상(maṅgala)을 통해 본 108법수의 기원과 발전,The Origin and development of the number 108 through afflictions(kleśa) and auspiciousness(maṅgala),강대공(동국대학교)
ART001830611,2013,12,39,,철학,초기 상좌부 불교의 식문화 고찰,Food Culture in Early and Theravāda Buddhism: From the Perspective of the Middle Path,김한상(동국대학교)
ART001830615,2013,12,39,,철학,‘자기인식’에 관한 유식학파와 중관학파의 논쟁,The Debate of Yogācāra and Madhyamaka on Self-cognition,김성옥(동국대학교)
ART001830621,2013,12,39,,철학,선바라밀(dhyānapāramitā)의 예비단계_<대지도론>을 중심으로_,A Study on the Preliminary for the Perfection of Absorption(dhyānapāramitā) in the Mahāprajñāpāramitā-śāstra,김홍미(동국대학교)
ART001830626,2013,12,39,,철학,불교 문헌에 나오는 음료용(飮料用) 장류(漿類) 음식 분석,An Analysis of the Beverages of Buddhist Food in Buddhist Cannon of a Chinese Version,김미숙(동국대학교)
ART001830631,2013,12,39,,철학,행상(行相)에 대한 규기의 해석,Kuiji[窺基]'s Interpretation on Ākāra[行相],박인성(동국대학교)
ART001830637,2013,12,39,,철학,Āryabhaṭa의 제곱근 풀이법_Āryabhaṭīya를 중심으로_,The Square Roots Computation of Āryabhaṭa: Focused on the Āryabhaṭīya,차유만(동국대학교) ; 정승석(동국대학교)
ART001618771,2011,12,33,,철학,Caraka-saṃhitā에 나타난 윤회관,The Notion of Transmigration in Caraka-saṃhīta,임주영(동국대학교)
ART001618778,2011,12,33,,철학,브리하다란야카 우파니샤드에 나타난 브라흐마바디니(Brahmavādinī)에 대한 고찰,An Examination of ‘Brahmavādinī’ in the Bṛhadāraṇyaka Upaniṣad,성청환(동국대학교)
ART001618804,2011,12,33,,철학,설화와 비유에 나타난 indriya와 manas : 초기 불전과 마하바라타의 상키야설을 중심으로,Indriya and Manas in Narratives and Similes,강형철(동국대학교)
ART001618826,2011,12,33,,철학,빨리(Pāli) 문헌에 나타난 성인(聖人)의 의미와 그 해석에 대한 일고찰,The meaning and it’s interpretation of Ariyapuggala in Pāli Nikāya,서현희(서울불교대학원대학교)
ART001618831,2011,12,33,,철학,암 진단을 받은 생존불자의 삶의 질과 사회적 지지에 대한 연구 : 불교사회복지적 관점에서 본 삶의 질 향상방안을 중심으로,Quality of life and social support of the buddhist patients with cancer,김학주(동국대학교) ; 임정원(Case Western Reserve University) ; 신성현(동국대학교)
ART001726593,2012,12,36,,철학,인도 철학에서 자아 개념의 공유와 차별 : 베단타의 일원론과 상키야의 이원론을 중심으로,Common and Different Ideas of the Self in Indian Philosophy: Based on the Monism of Vedānta and the Dualism of Sāṃkhya,정승석(동국대학교)
ART001726596,2012,12,36,,철학,브라흐마 수뜨라 주석과 논증의 인도적인 고유성,Brahmasūtra-bhāṣyam and Peculiarity of Indian Arguments,박효엽(경북대학교)
ART001687658,2012,08,35,,철학,바가바드기타 제12장의 난문(難文)에 대한 이해_9～12송을 중심으로_,An Understanding of Difficult Verse in the Chapter 12 in Bhagavadgītā : Focusing on the Verses 9～12,김호성(동국대학교)
ART001687660,2012,08,35,,철학,사성제와 연기법의 결합에 대하여_초기불전을 중심으로_,On the Combination of the Four Noble Truths and the Dependent Origination,김홍미(동국대학교)
ART001687663,2012,08,35,,철학,玄奘의 唯識比量 論難에 대한 中觀學的 考察,A Study of the Hyun-Jang's Vijñāptimātra-Anumāna from the View of Indian Madhyamaka Thought,이태승(위덕대학교)
ART001687664,2012,08,35,,철학,요가 철학에서 비판한 절멸론자의 다의성,Multiple Implications of Vaināśika Criticized in Yoga Philosophy,정승석(동국대학교)
ART001580452,2011,08,32,,철학,슈타이너의 인지학에 스며 있는 인도철학적 요소들,The Elements of Indian Philosophy that are Permeated to Steiner's Anthroposophie,박애란(동국대학교)
ART001580460,2011,08,32,,철학,불교적 고관(苦觀)의 추이와 의의,Transition and Significance of the Buddhist View of Suffering,정승석(동국대학교)
ART001580473,2011,08,32,,철학,高麗大藏經에 나타난 悉曇梵字에 대하여,A Study on Sil-dam-bum-ja Represented in the Tripiṭka Koreana,이태승(위덕대학교)
ART001580484,2011,08,32,,철학,율장 「건도부」 분석에 의한 승가의 지도자상 정립,"The Establishment of an Ideal Leadership Structure for the Saṃgha through the Analysis of Khandhaka, Vinayapiṭaka",이자랑(동국대학교)
ART001580494,2011,08,32,,철학,돈황문헌의 편집 법식에 관한 조사,A Research in Dunhuang Manuscripts of Editorial Form,원혜영(고려대장경연구소)
ART001511036,2010,12,30,,철학,比丘와 苾芻를 둘러싼 빨리어와 범어의 다양한 뉘앙스,Various Nuance on the Word Bigu(比丘) and Pilchu(苾芻),황순일(동국대학교)
ART001511038,2010,12,30,,철학,실유론자들의 불상부단설에 대한 용수의 비판,Nāgārjuna's Critique on the Theory of Non-permanence and Non-destruction of Dravya-sat vādin,남수영(중앙승가대학교)
ART001511048,2010,12,30,,철학,샹까라에서 덧놓음(가탁)의 의미와 의의,The Meaning and Significance of Adhyāsa in Śaṅkara,박효엽(경북대학교)
ART001511052,2010,12,30,,철학,요가난다의 크리야 요가에 대한 일고찰 : 고전 요가와 대비를 중심으로,Study on Yogananda’s Kriya Yoga: forcusing on Classical Yoga,김재민(동국대학교)
ART001658520,2012,04,34,,철학,대상인식과 자기인식으로서 지각과 추리에 관한 다르마키르티의 논증,Dharmakirti's Demonstration on Perception and Inference as Cognition of Object and Self Cognition,권서용(부산대학교)
ART001658545,2012,04,34,,철학,阿含 經典에 보이는 部派 所属의 판단 기준으로서의 律的 요소 : 六諍本을 一例로,Vinaya Elements in Āgama Texts as a Criterion of the School Affiliation : Taking the Six vivādamūlas as an Example,정진일(괴팅대)
ART001658554,2012,04,34,,철학,상좌부의 빤냐띠와 중관의 시설 : 상좌부와 중관의 언어관 비교,Paññatti and Prajñapti in Abhidhamma and Madhyamaka,윤희조(서울불교대학원대학교)
ART001658563,2012,04,34,,철학,동아시아적 전환 시발점으로서의 돈황 불교에 대한 고찰,Study on the Dunhuang Buddhism as East Asian changing start point,한지연(금강대학교)
ART001172673,2005,02,18,,철학,한역？티베트어역 제명을 산스크리트어 원전 제명과 대조 연구,A Contrastive Study of the Titles of Classic Chinese and Tibetan Translations with Those of Original Sanskrit Texts,최종남(고려대학교)
ART001172738,2006,02,,20,철학,자이나교의 상대주의적 관점론,The Relativistic Nayav？da of Jainism,김미숙(강릉대학교)
ART001172739,2006,02,,20,철학,달라이 라마의 현대적 윤리의 정초에의 접근(I),Dalai Lama's Approach to the Foundation of Contemporary Ethics(I),황용식(서울불교대학원대학교)
ART001172741,2006,08,,21,철학,"대승신화와 가상수행, 그리고 불교의 미래","The Myths of Mah？y？na, Image Practice and the Future of Buddhism",김성철(동국대학교)
ART001223980,2008,02,24,,철학,롤플레잉게임(RPG)상의 세계 경험_인도 이원론의 관점을 통해,The Experience of Virtual Reality in RPG(Role Playing Game),최지연(동국대학교)
ART001223981,2008,02,24,,철학,요가수트라 개시 선언의 해석학적 의미,The Hermeneutic Meaning of the Opening Statement in yogasutra,정승석(동국대학교)
ART001223984,2008,02,24,,철학,붓다가 설한 왓지국의 7불쇠법,Seven Conditions of the Welfare of a Community,원혜영(연세대학교)
ART001223985,2008,02,24,,철학,도취제로서의 소마(Soma) 연구의 의의,The Significance of Study on the Soma as an Entheogen,심준보(광주 가톨릭대학교)
ART001273058,2008,08,25,,철학,『중변분별론』에 있어서 삼성설의 구조적 특징,A structural feature of the Trisvabhāva Theory in the Madhyāntavibhāga,김재권(일본 龍谷大學 불교문화연구소)
ART001273062,2008,08,25,,철학,十住毘婆沙論에 나타난 재가보살과 출가보살의 계 연구,A Study on the Śīla of the Grhastha-bodhisattva and Pravarjita-bodhisattva be exposed on the Daśabhūmikavibhāsa,문을식(선문대학교)
ART001273065,2008,08,25,,철학,『하타요가쁘라디삐까』(HathayogapradIpika)에서 쁘라나야마(pranayama)의 의미와 실천법,The Methods and the Classifications of PrāNāyāma in HaThayogapradīpika,박영길(금강대학교)
ART001273067,2008,08,25,,철학,"인도어 접미사 -tā, -tva 등의 한역어 性에 관한 고찰 존재론적 함의의 변화를 중심으로",A Study on the Chinese translation of the Sanskrit suffix -tā and -tva,박정록(Univ. of Oxford)
ART001273069,2008,08,25,,철학,울너사본의 현황조사와 샘플링 작업,Stance examination and Sampling of the Woolner Collection and its Cataloguing,안성두(서울대학교)
ART001273071,2008,08,25,,철학,인성(人性)과 불성(佛性)의 비교,A Comparative Study on ‘Human Nature’(in the case of Confucianism) and ‘Buddha-nature’(in the case of Buddhism),유흔우(동국대학교)
ART001273072,2008,08,25,,철학,실담 범어의 음역과 원어,The Original Word and Transliteration of Sanskrit Called Siddham,정승석(동국대학교)
ART001320768,2009,02,26,,철학,두 유형의 出家와 그 정치적 含意 : 힌두교와 불교에서의 權力과 脫權力의 문제,Two Aspects of 'Leaving-home' and its Political implication: The relationship between Power and Non-Power within in Hinduism and Buddhism,김호성(동국대학교)
ART001320769,2009,02,26,,철학,아크바르(Akbar): 그의 탈이슬람적 정책에 대한 성격 분석,Akbar: Analysis of Nature on Akbar's Ab-Islamic Policies,이춘호(한국외국어대)
ART001320772,2009,02,26,,철학,金剛經의 생태학적 탐구,A Study on the eco-cultural sentiment among Buddhists,이법산(동국대학교)
ART001320774,2009,02,26,,철학,업과 윤회 사상의 일상적 수용 태도 : 삶과 죽음의 윤리적 극복 가능성,Everyday Life's Practical Receptive Attitude towards the Thought of Karman and Saṃsāra,허남결(동국대학교)
ART001320775,2009,02,26,,철학,아지비까(Ājīvika)를 중심으로 본 윤회와 행위이론의 인도적 기원,The Indian Origin of saṃsāra and karman from the light of the Ājīvika,황순일(동국대학교)
ART001320777,2009,02,26,,철학,『석보상절』의 기원정사 인연담에 관한 고찰,Study on the Constitution of Jetavana Vihāra Construction Story in Seokbosangjeol,김유미(동국대학교)
ART001320778,2009,02,26,,철학,사문유관의 만달라적 의미 : 존재론적 도식과 방위구조에 나타난 형이상학적 관점을 중심으로,A Comprehensive Study to the Four-doors' Encounter(四門遊觀) of Buddha's Life about its Maṇḍalic-meanings,최연철(동국대학교)
ART001320780,2009,02,26,,철학,삼국유사에 구사된 범어 음역의 원류,The Source of Transliterated Sanskrit Words Mentioned in the Samgukyusa,정승석(동국대학교)
ART001371005,2009,08,27,,철학,초기 유가행파의 ‘여래장(tathāgatagarbha)’ 개념 해석,On the Reinterpretation of the Term ‘Tathāgatagarbha’ in the early Yogācāra School,김성철(금강대학교)
ART001371039,2009,08,27,,철학,圓測 『해심밀경소』 티벳역의 성격과 의의 __「일체법상품」을 중심으로__,Significance of the Tibetan Translation of Won-Ch‘uk's Commentary on Saṃdhinirmocanasūtra: With Special Reference to the VI Chapter,안성두(서울대학교)
ART001371061,2009,08,27,,철학,빠알리 삼장의 스리랑카어 번역에 대한 연구 __붓다자얀띠(Buddha-Jayanti) 역경사업을 중심으로__,A study on the Buddha Jayanti Tripitaka Granthamala,정준영(서울불교대학원대학교)
ART000939938,2004,08,17,,철학,Understanding the Buddha-Method and Results,Understanding the Buddha-Method and Results,R.F.Gombrich(Oxford University)
ART000939939,2004,08,17,,철학,Organicismic Ethics-An Indian Spiritual Perspective,Organicismic Ethics-An Indian Spiritual Perspective,S.R.Bhatt(Delhi University)
ART000939940,2004,08,17,,철학,Contemporary World and Radhakrishnan's Diagnosis and Prescription,Contemporary World and Radhakrishnan's Diagnosis and Prescription,이지수(동국대학교)
ART000963016,2004,08,17,,철학,바가바드기타'를 읽는 샹카라의 호교론적 해석학,Sa'nkara's Apologetic Hermeneutics on the Bhagavadgiitaa,김호성(동국대학교)
ART000939679,2004,02,16,,철학,Bhagavad-Giitaa에 나타난 'karma-yoga'에 대한 간디의 해석,Gandhiji's Interpretation on Karma-Yoga of the Bhagavadgiitaa,김선근(동국대학교)
ART000939935,2004,08,17,,철학,고전요가의 부수적 좌법,The Attendant Aasanas of Classical Yoga,정승석(동국대학교)
ART000939936,2004,08,17,,철학,샹까라의 Avidyaa이론에 대한 라마누자의 비판,Raamaanuja's Criticism of 'Sa'nkara's Theory of Avidyaa,이거룡(선문대학교)
ART000939937,2004,08,17,,철학,샹까라의 불이론(Advaita) 철학의 방법론,The Survey of the Methodology of 'Sa'nkara's Advaita Philosophy,이은주(한국외국어대학교)
ART001077211,2007,08,23,,철학,"다르마끼르띠와 화이트헤드 사상의 접점_현실적 존재(vastu, actual entity)의 찰나멸을 중심으로",The Conjunction of DharmakRrti and Whitehead's Thought: In the view of vastu and actual entity's momentariness,권서용(부산대학교)
ART001077213,2007,08,23,,철학,인도불교 초기 유식문헌에서의 언어와 실재와의 관계_瑜伽師地論의 三性과 五事를 중심으로,The Relation of the Language and Reality in the Early Indian YogAcAra Literatures: With special Reference to the Tri-svabh？va and paJca-vastuka in the yogAcArabhUmi,안성두(금강대학교 불교문화연구소)
ART001077466,2007,08,23,,철학,初期 大乘經典에서 陀羅尼 機能의 變化,The Functional Change of the Mantra in Early Mahayana Sutras,장익(위덕대학교)
ART001024478,2006,08,,21,철학,『根本說一切有部毘奈耶雜事』의 勝鬘(Mallikā) 이야기를 통해 본 여성의 이미지 분석,An analysis on the image of women in the Mallikāvadāna of the Mūlasarvāstivādavinaya Kṣudrakavastu,박청환(중앙승가대학교)
ART001024479,2006,08,,21,철학,무표(avij？apti)를 통해 본 초기 부파불교의 윤리적 성격,The Ethical Aspect of Early Indian Buddhism in Terms of Motivism and Consequentialism : Avij？apti and Its Side Effects,황순일(동국대학교)
ART001024480,2006,08,,21,철학,時輪딴뜨라의 佛身思想 展開와 現實認識 考察,The Doctrine of Buddha's Body and the Cognition of Real World in the Development of K？lacakra-tantra.,정성준(동국대학교)
ART001056242,2007,02,,22,철학,불교 딴뜨리즘의 까빨리까 요기니 숭배 Abhayākaragupta의 『니쉬빠나요가발리』와 『바즈라발리』를 중심으로,Kāpālika-Yoginī Worship in Buddhist Tantra: Abhayākaragupta's Niṣpannayogāvalī and Vajrāvalī,이용현(원광대학교)
ART001056245,2007,02,,22,철학,"오로빈도의 통합적 사상에 관한 고찰- 철학적 개요, 해석 및 의의 -",The A Study of Aurobindo's Integral Thought,황용식(서울불교대학원대학교)
ART001056246,2007,02,,22,철학,범어 漢譯에서 다라니 음역의 특수성,A Study on the dharani Transliteration,변순미(장경도량고려대장경연구소)
ART001056477,2007,02,,22,철학,바가바드 기타에 대한 틸락의 행동주의적 해석,Speculation and Criticism of Tilak’s Understanding of the Main Subject of the Gita,김호성(동국대학교)
ART000995882,2006,02,,20,철학,기타에 대한 샹카라의 주제 파악과 틸락의 비판,？a？kara's Thematic Concerns on the Bhagavadg？t？ and Tilak's Criticism,김호성(동국대학교)
ART000995885,2005,08,19,,철학,요가 철학의 삼매 분류,The Classification of Sam？dhi in Yoga Philosophy,정승석(동국대학교)
ART000996301,2005,02,18,,철학,금강경의 인식과 실천,The Diamond S？tra's Recognition and Practice,김선근(동국대학교)
ART001172740,2006,02,,20,철학,理趣曼茶羅의 煩惱觀 고찰,A Study on the Idea of Kle？a Expressed in Naya Ma？？ala,정성준(동국대학교)
ART002104135,2016,04,46,,철학,The Validity of a Robinsonian Interpretation of the Nāgārjuna’s Logics of Catuṣkoṭi : Comparing Prasaṅga with Hegel’s Dialectics,The Validity of a Robinsonian Interpretation of the Nāgārjuna’s Logics of Catuṣkoṭi : Comparing Prasaṅga with Hegel’s Dialectics,김태수(서울대학교)
ART002138527,2016,08,47,,철학,『요가경』의 수행 체계로서 대치 명상의 범위와 효과,The Range and Effect for Meditation of Opposite Thoughts in Yogasūtra,안필섭(동국대학교)
ART001580434,2011,08,32,,철학,홀리스틱 치료 간디 라마나마 연구,A Study of Holistic Therapy on Gandhian Rāmanāma,서종순(원광디지털대학교)
ART001946042,2014,12,42,,철학,혜안(慧眼) 서경수 선생의 삶과 사상 __세 흐름의 상호 교섭__,"The Life and Thought of Hye-an(慧眼), Prof. Kyung Soo Suh: Mutual Negotiations of Three Streams",황용식(서울불교대학원대학교)
ART001946179,2014,12,42,,철학,Proto-Indo-European 오그먼트의 기원과 역할 ＿오그먼트는 어떻게 과거를 지시하는가?＿,The Origin and Role of the Proto-Indo-European Augment: How did the augment indicate the past?,박수영(동국대학교)
ART001946320,2014,12,42,,철학,중관학파의 자성과 그 부정,The negation of svabhāva in Madhyamaka School,하현목(동국대학교)
ART001911166,2014,08,41,,철학,다르마끼르띠에 있어서 언어인식의 문제,The awareness of language in Dharmakīrti,김성옥(동국대학교)
ART001077007,2007,08,23,,철학,有外境論者와 唯識論者의 對論_唯識二十論(viMzatikA)의 이해를 위하여,The Argument between the bAhyArthavAdin and the vijJapti-mAtravAdin: For the understanding of the Vasubandhu's viMzatikA,이지수(동국대학교)
ART000995712,2006,02,,20,철학,산스끄리뜨어에서 비유와 논리,Metaphor and Logic in the Sanskrit Language.,황순일(동국대학교)
ART001056475,2007,02,,22,철학,Prabodhacandrodaya의 중세 영국 도덕극적 고찰,English Morality Dramatical Approach on Prabodhacandrodaya,박문성(동국대학교)
ART001057623,2007,02,,22,철학,인도 독립운동의 길(Marga)로서의 Karma-yoga Bhagavadgītā를 중심으로,The Karma-Yoga as a Marga for India's Independence Movement(Svaraj),김선근(동국대학교)
ART001057624,2007,02,,22,철학,불교 탄트리즘의 띠라까 형성 연구,A Study on the Formation of Tilaka in the History of Buddhist Tantrism,정성준(동국대학교)
ART002665314,2020,12,60,,철학,"철학자의 시(詩):『수바시타라트나코샤』(Subhāṣitaratnakośa)에서 전하는 다르마키르티(Dharmakīrti, 法稱)의 게송 연구","A Study on Verses Attributed to Dharmakīrti, based on Vidyākara’s Subhāṣitaratnakośa",방정란(大正大学)
ART002711226,2021,04,61,,철학,중기중관파 논쟁에 나타나는 sāvakāśa-vākya와 prasaṅga-vākya의 의미,On the Meaning of the Sāvakāśa-vākya and Prasaṅga-vākya appeared in the Controversy of Middle Mādhyamikas based on the First Chapter of Mūlamadhyamaka-kārikā,이태승(위덕대학교)
ART002541037,2019,12,57,,철학,힌두이즘의 기원에 대한 재조명__힌두교는 동인도회사(EIC)의 발명품인가?__,Reexamination of the Origin of Hinduism: Was Hinduism Invented by East India Company?,박수영(동국대학교)
ART002341762,2018,04,52,,철학,다르마키르티의 기억에 관한 소고,A Study on the Memory of Dharmakīrti,권서용(부산대학교)
ART002953539,1989,12,1,,철학,《那先比丘經》硏究 [I],《那先比丘經》硏究 [I],윤병식(동국대학교)
ART002953566,1989,12,1,,철학,Rāma 說話를 通해서 본 Rāma의 化現觀,Rāma 說話를 通해서 본 Rāma의 化現觀,서행정(한국외국어대학교)
ART002953569,1989,12,1,,철학,와이셰시카(勝論)학파의 7범주론 _안남밧따의 《論理 概要》 譯解 (I),와이셰시카(勝論)학파의 7범주론 _안남밧따의 《論理 概要》 譯解 (I),이지수(동국대학교)
ART002953574,1989,12,1,,철학,아포하 論 의 定義 및 ユ 生成背景 _달마끼르띠의 自註 를 중심으로_,아포하 論 의 定義 및 ユ 生成背景 _달마끼르띠의 自註 를 중심으로_ l,전치수(동경대학교)
ART002953578,1989,12,1,,철학,《바가바드 기타》의 즈나나요가에 관한 연구,《바가바드 기타》의 즈나나요가에 관한 연구 l,이태영(동국대 인도철학과)
ART002953612,1992,09,2,,철학,니야-야(正理) 학파의 인식학·논리학 _안남밧따의 《論理 概要》 譯解 (Ⅱ)_,니야-야(正理) 학파의 인식학·논리학 _안남밧따의 《論理 概要》 譯解 (Ⅱ)_ l,이지수(동국대학교)
ART002953616,1992,09,2,,철학,WONHYO'S TRANSFORMATION OF TOTAL INTERPENETRATION,WONHYO'S TRANSFORMATION OF TOTAL INTERPENETRATION,김상일(한신대학교)
ART002953675,1993,11,3,,철학,正理學派의 4가지 인식방법(pramāṇa) 一<正理経> Ⅰ.1. 수뜨라 1-8에 대한 Vātsyāyana<疏>의 譯註一,正理學派의 4가지 인식방법(pramāṇa) 一<正理経> Ⅰ.1. 수뜨라 1-8에 대한 Vātsyāyana<疏>의 譯註一,이지수(동국대학교)
ART002953678,1993,11,3,,철학,원시불교에서 非我의 의미,원시불교에서 非我의 의미 l,정승석(동국대학교)
ART002953691,1993,11,3,,철학,龍樹의 無記觀,龍樹의 無記觀 l,김성철(동국대학교)
ART002953705,1993,11,3,,철학,『顯揚聖教論』에 대한 再考察,『顯揚聖教論』에 대한 再考察 l,최종남(중앙승가대학교)
ART002953708,1993,11,3,,철학,[번역] 융의 심리학과 빠딴쟐리 요가에 있어서 신비주의,융의 심리학과 빠딴쟐리 요가에 있어서 신비주의 (Mysticism in the Psychology of Jung and the Yoga of Patanjali),이지수(동국대학교)
ART002953722,2002,08,1,12,철학,Ethical Foundations of an Urban Age -Śāntideva’s Argument for Altruism-,Ethical Foundations of an Urban Age -Śāntideva’s Argument for Altruism-,Mark Siderits(Illinois State Univ. U.S.A.)
ART002954518,2002,08,1,12,철학,梵我一如 思想 과 緣起說,On the Relations between the Idea of Brahma-ātma-aikya and Pratītyasamutpāda,이호근(강릉원주대학교)
ART002954550,2002,08,1,12,철학,초기 유식학파의 분별 개념,On The Concept of Vikalpa in Early Vijñānavādins,김성철(금강대학교)
ART002954620,2002,02,2,11,철학,빠딴잘리 『요-가·수-뜨라』 ‘三昧品'(Samādhi-pāda)의 思想 (2),On the Theory of Samādhi in the Patañjali’s Yoga-sūtra (2),이지수(동국대학교)
ART002954635,2002,02,2,11,철학,『金剛經』의 禪思想,The Seon Thought in the Vajra-cchedikā-prajñāpāramitāsūtra,이법산(동국대학교)
ART002954646,2002,02,2,11,철학,'존재하지 않음'의 유형과 적용,Types and uses of non-being,박인성(동국대학교)
ART002954670,2002,02,2,11,철학,자이나 철학에서의 業과 靈魂의 관계,The ralation of karma and jiva in Jaina philosophy,김미숙(위덕대학교 밀교문화연구원)
ART002954675,2002,02,2,11,철학,初期 佛教의 緣起說에 나타난 六處(saḷāyatana)의 役割,A role of sālāyatana in paṭiccasamuppāda of Early Buddhism,강신보(동국대학교)
ART002950984,2003,12,2,12,철학,正理學派의 인식방법론 (Ⅰ) _Keśavarniśra의 Tarka-bhāṣā ‘Pramāṇa’ 章의 譯解_,正理學派의 인식방법론 (Ⅰ) _Keśavarniśra의 Tarka-bhāṣā ‘Pramāṇa’ 章의 譯解_,이지수(동국대학교)
ART002950993,2003,12,2,12,철학,붓다고사(Buddhaghosa) 의 誌釋方法예 대란 硏究,A Study on the Exegetical Methodology of Buddhaghosa,백도수(능인대학원대학교)
ART002950996,2003,12,2,12,철학,테라바다(Theravāda)의 공간 개념과 열반,테라바다(Theravāda)의 공간 개념과 열반,황순일(동국대학교)
ART002950997,2002,08,1,12,철학,Ahiṃsā 精神의 史的 展開와 現代的 實踐方案,Historical Development of the Idea of Ahirnsa and Its Practical Method in the contemporary Society,김선근(동국대학교)
ART002950995,2003,12,2,12,철학,인식과 표현 _俱舍論의 서술방식에 관한 一考_,Cognition and Expression -A Study on the Way of Description in the Abhidharmakosabhasyam,강종원(동국대학교)
ART002951072,1994,11,4,,철학,쉬와디띠야(Śivāditya)의 7범주론(Saptapadārthī),쉬와디띠야(Śivāditya)의 7범주론(Saptapadārthī),이지수(동국대학교)
ART002951075,1994,11,4,,철학,인도의 祭祀觀 小考,인도의 祭祀觀 小考 i,김재천(대진대학교)
ART002951077,1994,11,4,,철학,욷달라까 아루니의 sat論에 대한 小考,욷달라까 아루니의 sat論에 대한 小考,이은덕
ART002951079,1994,11,4,,철학,第一義空經과 Vasubandhu(Ⅱ),第一義空經과 Vasubandhu(Ⅱ),서성원(동국대학교)
ART002951085,1995,01,5,,철학,淸辯思想의 再照明_論理學의 收容과 二諦說을 중심으로_,淸辯思想의 再照明_論理學의 收容과 二諦說을 중심으로_   l,이현옥(동국대학교)
ART002951088,1995,01,5,,철학,佛敎에 있어서 環境과 生命倫理,佛敎에 있어서 環境과 生命倫理 l,이법산(동국대학교)
ART002951089,1995,01,5,,철학,간디의 윤리학에 끼친 Rāmānuja의 Bhakti 사상의 영향,간디의 윤리학에 끼친 Rāmānuja의 Bhakti 사상의 영향,김선근(동국대학교)
ART002951090,1995,01,5,,철학,다르마와 베다에 대한 초기 미망사학파의 견해_샤바라 브하샤(Ⅰ.ⅰ.S.1-5)를 중심으로_,다르마와 베다에 대한 초기 미망사학파의 견해_샤바라 브하샤(Ⅰ.ⅰ.S.1-5)를 중심으로_,이지수(동국대학교)
ART002951093,1995,01,5,,철학,近代 日本 佛敎學의 功過,近代 日本 佛敎學의 功過 l,이태승(위덕대학교)
ART002951092,1995,01,5,,철학,Sarvasiddhāntasaṁgraha에 인용된 佛敎學派의 思想史的 考察,Sarvasiddhāntasaṁgraha에 인용된 佛敎學派의 思想史的 考察,임승택(경북대학교)
ART002951208,1996,12,6,,철학,Bhakti-yoga 패러다임으로 본 『法華經』의 觀音信仰 Bhagavad-Gītā 와 『 法華經』을 中心으로,Bhakti-yoga 패러다임으로 본 『法華經』의 觀音信仰 Bhagavad-Gītā 와 『 法華經』을 中心으로,김선근(동국대학교)
ART002951211,1996,12,6,,철학,인도철학에 있어서 착각의 문제_正理學派를 중심으로_,인도철학에 있어서 착각의 문제_正理學派를 중심으로_    l,이지수(동국대학교)
ART002951225,1996,12,6,,철학,密敎 陀羅尼의 機能에 대한 고찰_정통 인도종교의 만트라와 관련하여_,密敎 陀羅尼의 機能에 대한 고찰_정통 인도종교의 만트라와 관련하여_  l,김호성(동국대학교)
ART002951269,1996,12,6,,철학,Śaṅkara의 生解脫論,Śaṅkara의 生解脫論,심봉섭(성균관대학교 동양철학과)
ART002951275,1996,12,6,,철학,미맘사 학파의 제사관,미맘사 학파의 제사관 l,김재천(대진대학교)
ART002951291,1997,12,7,,철학,[논평] 베다의 제례는 제식만능주의인가_김재천과 김호성의 논문에 답하여_,[논평] 베다의 제례는 제식만능주의인가_김재천과 김호성의 논문에 답하여_ l,심재관(상지대학교)
ART002951313,1998,11,8,,철학,요가의 발전과 佛敎에의 受用,요가의 발전과 佛敎에의 受用 l,정태혁(동국대학교)
ART002951314,1998,11,8,,철학,部派佛敎에 있어서 존재문제 : 實有와 假有,部派佛敎에 있어서 존재문제 : 實有와 假有 l,서성원(동국대학교)
ART002951317,1998,11,8,,철학,빠딴잘리 『요가 수-뜨라』 ‘三昧品’(Samādhi-pāda)의 思想,빠딴잘리 『요가 수-뜨라』 ‘三昧品’(Samādhi-pāda)의 思想,이지수(동국대학교)
ART002951322,1998,11,8,,철학,샹까라의 ‘헛됨(mithyā)’과 불교의 刹那說(kṣaṇikavāda)_『브라흐마 수뜨라』샹까라 주석을 바탕으로_,샹까라의 ‘헛됨(mithyā)’과 불교의 刹那說(kṣaṇikavāda)_『브라흐마 수뜨라』샹까라 주석을 바탕으로_,이재숙(한국외국어대학교)
ART002951332,1999,12,9,,철학,『顯揚聖敎論』 品構造에 대해서,『顯揚聖敎論』 品構造에 대해서 l,최종남(중앙승가대학교)
ART002951333,1999,12,9,,철학,샹까라 철학의 māyā 개념 검토 ─Brahmasūtra-Śaṅkarabhāṣya를 중심으로─,샹까라 철학의 māyā 개념 검토─Brahmasūtra-Śaṅkarabhāṣya를 중심으로─,박영길(경북대학교)
ART002951334,1999,12,9,,철학,"[논평] 홍성기의 「분할과 조합, 龍樹의 緣起說과 분석철학」","[논평] 홍성기의 「분할과 조합, 龍樹의 緣起說과 분석철학」 l",김성철(동국대학교)
ART002951330,1999,12,9,,철학,『中論』에 대한 因明學的 註釋의 가능성 ─淸辨(Bhavaviveka)의 試圖와 月稱(Candrakīrti)의 批判─,『中論』에 대한 因明學的 註釋의 가능성 ─淸辨(Bhavaviveka)의 試圖와 月稱(Candrakīrti)의 批判─,김성철(동국대학교)
ART002951609,2000,12,10,,철학,상키야 철학에서 차별의 개념,상키야 철학에서 차별의 개념 l,정승석(동국대학교)
ART002951606,2000,12,10,,철학,Sambandhaparīkṣāvṛtti와 『中論』』,Sambandhaparīkṣāvṛtti와 『中論』,김성철(동국대학교)
ART002951612,2000,12,10,,철학,인도의 고전적 人間像과 근대적 재인식 - 근대 힌두교 개혁운동을 중심으로 -,인도의 고전적 人間像과 근대적 재인식 - 근대 힌두교 개혁운동을 중심으로 - l,이호근(강릉원주대학교)
ART002951615,2001,12,1,11,철학,요가 철학에서 잠재업과 훈습의 관계,요가 철학에서 잠재업과 훈습의 관계 l,정승석(동국대학교)
ART002951618,2001,12,1,11,철학,아드바이따 베단따 철학에 있어서 경험적 의식(saṁvṛti-caitanya)과 순수 의식(cit),아드바이따 베단따 철학에 있어서 경험적 의식(saṁvṛti-caitanya)과 순수 의식(cit),이은주(한국외대 인도어과)
ART002951620,2001,12,1,11,철학,梵語에서의 性(gender)에 관한 개념: Mahābhāṣya를 중심으로,梵語에서의 性(gender)에 관한 개념: Mahābhāṣya를 중심으로,엄혜용(동국대학교)
ART001424084,2010,02,28,,철학,根本說一切有部毘奈耶의 내러티브 고찰⑴_붓다가 말먹이용 보리를 먹은 사연을 중심으로,A Study on the Narrative of the Buddha's Eating of Horse Fodder Barley in the Mūlasarvāstivādin Vinaya ⑴,박청환(중앙승가대학교)
ART002021963,2015,08,44,,철학,인도 심리학의 삼질 성격이론,Triguṇa Theory of Personality in Indian Psychology,문진건(동국대학교)
ART002022096,2015,08,44,,철학,인도와 중국 불교 경론을 통해 본 ‘Buddha-vacana’ 개념의 의미 변천,The Transformation of the Meaning of the Word ‘Buddha-vacana’ in ​the ​Chinese Translat​ions of the Abhidharma Texts and Its Implication​s​,조은수(서울대학교)
ART002022132,2015,08,44,,철학,간화선과 심리치료 - 연구 현황을 중심으로 -,Ganhwaseon and Psychotherapy : Focusing on Current Research Trend,이필원(동국대학교)
ART002022165,2015,08,44,,철학,The Validity of Robinsonian Critiques on Nāgārjunian Logic - Centering on the Interpretation of Catuṣkoṭi -,The Validity of Robinsonian Critiques on Nāgārjunian Logic - Centering on the Interpretation of Catuṣkoṭi -,김태수(서울대학교)
ART002065637,2015,12,45,,철학,『니야야만자리』(Nyāyamañjarī)의 아트만 논증에서 열변용 이론에 대하여,A study on pākajotpattivāda in demonstrations of Ātman in Nyāyamañjarī,박문성(가톨릭대학교)
ART002065645,2015,12,45,,철학,説一切有部에 있어서 四善根 - 信과 斷善根과의 관계를 중심으로 -,The Four Kuśalamūlas in the Sarvāstivāda: A study on the relationship between śraddhā and kuśalamūlasamuccheda,김경희(오타니대학교)
ART002065649,2015,12,45,,철학,"기억(smṛti)과 지식의 2상성(二相性, dvirūpatā)",Recollection and the Two Forms(dvirūpatā) of Knowledge,박기열(한국불교연구원)
ART002065654,2015,12,45,,철학,유식불교의 심리치료적 특징 고찰 - 선행연구 분석과 연구방향 모색 -,Characteristics of Consciousness-only Buddhism from Perspective of Psychotherapy: Research Trends Analysis and Proposal,박재용(동국대학교)
ART002065665,2015,12,45,,철학,꿈꾸는 자와 요가 수행자 - 불교와 쉬바파의 관념론적 상관성,The Dreamer and the Yogin: On the relationship between Buddhist and Śaiva idealisms,정승석(동국대학교)
ART002376692,2018,08,53,,철학,나찌께따스 황금판자(sṛṅkā)의 메타포 분석 __『까따 우빠니샤드』에 나타난 죽음과 제식의 해석적 함의__,Metaphoric Analysis of the Naciketās’ sṛṅkā(golden disc): The Hermeneutic Implications of the Death and the Ritual in the KU,김진영(서강대학교 철학연구소)
ART002376715,2018,08,53,,철학,고전요가에서의 기억__Yogasūtrabhāṣya 1.11의 해석을 중심으로__,Memory in Classical Yoga: Focusing on Yogasūtrabhāṣya 1.11,강형철(동국대학교 인도철학불교학연구소)
ART002376716,2018,08,53,,철학,고대인도 슈라마니즘의 윤리 논쟁__불교 『우팔리경』(Upāli-sutta)을 중심으로__,An Ethical Debate of Śramanism in Ancient India: focus on Upāli-sutta,최지연(한국외국어대학교 인도연구소)
ART002376720,2018,08,53,,철학,바마하(Bhāmaha)의 ‘의미의 수사법’(arthālaṃkāra)에 대하여 (I)__『카비야알람카라』(Kāvyālaṃkāra) 제2장을 중심으로__,Bhāmaha’s Arthālaṃkāras (I): Especially in the 2nd Pariccheda of Kāvyālaṃkāra,류현정(가톨릭대학교)
ART002376726,2018,08,53,,철학,공과 나의 현전(現前)__『중론』과 『보살지』 「진실의품」의 공성 이해를 중심으로__,"Emptiness and My Present Existence: based on the Understanding of Emptiness of Madhyamaka-śāstra, Tattvārthapaṭala of the Bodhisattvabhūmi",윤종갑(동아대학교)
ART002341758,2018,04,52,,철학,식의 자기인식(Self-awareness)과 삼성설,Theory of the Self-Awareness of Consciousness and Three Characteristics in the Saṃdhinirmocanasūtra,안성두(서울대학교)
ART002341760,2018,04,52,,철학,니야야 학파의 인식수단과 인식결과에 대한 지넨드라붓디의 검증,Buddhist examination of Nyāya’s pramāṇa and phala in Pramāṇasamuccayaṭīkā 112.12-117.4,박기열(금강대학교 불교문화연구소)
ART002341764,2018,04,52,,철학,초기불교 공(空) 개념의 수행적 성격__빠알리 니까야를 중심으로__,Empty concept in Early Buddhism: Focusing on mental training,박재은(서울불교대학원대학교)
ART002421545,2018,12,54,,철학,고대 인도의 제식에서 아그니의 다양한 역할,On the Various Ritual Roles of Agni in Ancient India,박문성(가톨릭대학교)
ART002421562,2018,12,54,,철학,불교 딴뜨라 문헌이 전하는 샤이바(Śaiva) 의례의 도입과 해석,Adoption and Assimilation of Śaiva Rituals as Seen in Buddhist Tantric Texts,방정란(大正大学)
ART002421581,2018,12,54,,철학,"한국불교 의례의 인도적 연원의 의의_재(齋), 포살(布薩), Upavasatha_","The Indian Origion of Korean Buddhist Rituals: Ceremony, Upoṣadha, Upavasatha",성청환(동국대학교)
ART002421680,2018,12,54,,철학,라마 이야기 전통에서 뜨리자따의 변모 양상과 다르마,Literary Transformation of Rākṣasī Trijaṭā in Rāma-kathā Tradition and Dharma,이동원(한국외국어대학교)
ART002461265,2019,04,55,,철학,성스러움과 합리성의 교차점__수행 전통을 통해 본 인도 사유의 종교와 철학__,The Intersection between Sacredeness and Rationality: Religion and Philosophy of Indian based on Practical Tradition,성청환(동국대학교)
ART001476681,2010,08,29,,철학,범･장･돈황본 아미타경 대조 연구,"A Comparative Study of the Sanskrit, Tibetan and Dunhuang Versions of Sukhāvatī-Vyūha",최종남(중앙승가대학교)
ART001476684,2010,08,29,,철학,바가바드기따(Bhagavadgītā)의 보편성 : 까르마요가(karma-yoga)를 중심으로,The Universality of the Bhagavadgītā,이거룡(선문대학교)
ART001476686,2010,08,29,,철학,비베카난다의 붓다관에 대한 비평 : 遊行(sannyāsa)과 出家(pabbajjā)를 중심으로,Criticism on Vivekananda's view of Buddha Focused on Sannyāsa and Pabbajjā,김호성(동국대학교)
ART001476690,2010,08,29,,철학,龍樹 中論의 禪的 考察,A Study on the Seon Aspect of the Nāgārjuna's Madhyamaka Kārikā,이법산(동국대학교)
ART001476696,2010,08,29,,철학,짠드라끼르띠의 이제설과 언어관,The Two Truths Theory and Theory of Language in Candrakīrti,윤희조(서울불교대학원대학교)
ART001549228,2011,04,31,,철학,초기불교 교단의 食에 대하여,Studies on Eating of Buddhist community of the Early Buddhism,신성현(동국대학교)
ART001549230,2011,04,31,,철학,"거품, 어스름, 그리고 해변 : 인도 신화 속에 나타난 신들의 속임수와 경계성",God's Trickery and Liminality in the Hindu Myth,심재관(금강대학교)
ART001549233,2011,04,31,,철학,종교적 신념에 대한 엘리스(Ellis)의 비판과 붓다의 가르침,Albert Ellis' Critique of Religious beliefs and the Teachings of the Buddha,안양규(동국대학교)
ART001549235,2011,04,31,,철학,돈오점수(頓悟漸修)와 초기불교의 수행,On Early Buddhist Practice from the viewpoint of Sudden Enlightenment Gradual Cultivation(頓悟漸修),임승택(경북대학교)
ART001549238,2011,04,31,,철학,구사론 파아품에 나타난 자아논증과 그 비판,An argument for the demonstration of ātman in the ninth chapter of the Abhidharmakośabhāṣya,황순일(동국대학교)
ART001549239,2011,04,31,,철학,"현장(玄奘)의 음역어, 마게타(摩揭陀)에 관한 고찰",A Study of Mo jie tuo(摩揭陀) Transliterated into Chinese by Xuan Zang,공만식(동국대학교)
ART001549241,2011,04,31,,철학,아시아 근대불교와 문화제국주의 비판 : 근대 영국의 문화제국주의와 인도불교의 학문화 과정,Critique of Cultural Imperialism and Modern Buddhism in Asia: Establishment of Buddhist Studies in Modern India and British Cultural Imperialism,김진영(동국대학교)
ART002138525,2016,08,47,,철학,고전기 이전 상키야 철학에 대한 Yuktidīpikā 저자의 역사 인식,The Historical Perspective of Yuktidīpikā-Kāra about Pre-classical Sāṃkhya System,강형철(금강대학교 불교문화연구소)
ART002138531,2016,08,47,,철학,쉬바계 뿌라나(Śaiva Purāṇa)의 링가 숭배 양상 - 링가(liṅga)의 의미와 기원을 중심으로 -,The Aspect of Liṅga - Worship in Śaiva Purāṇa,김현덕(동국대학교)
ART002138532,2016,08,47,,철학,현대요가는 하타요가와 같은 것인가?,Is Modern Yoga equal to Haṭha Yoga?,심준보(동국대학교)
ART002104090,2016,04,46,,철학,하타 요가(Haṭha Yoga)의 미세 신체관 - 초기 하타 요가 문헌에 나타난 차크라(cakra) 관념을 중심으로 -,A Study on a View of Subtle Body in Haṭha Yoga: focused on the Idea of Cakra in Early Haṭha Yoga Texts,김재민(동국대학교)
ART002104093,2016,04,46,,철학,"우빠니샤드에서의 행복과 불행의 신화적 구조 - 태양, 신화, 지식의 메타포를 중심으로 -","The Mythical Frame of Happiness and Unhappiness in the Upanishads : Focused on The sun, Myths, Knowledge Metaphor",김진영(서강대학교 철학연구소)
ART002104108,2016,04,46,,철학,4종성(四種姓) 제도에 대한 붓다의 태도와 암베드까르의 해석,The Buddha’s Attitude towards Caturvarṇa System and B. R. Ambedkar’s Interpretation,우명주(동국대학교)
ART002104130,2016,04,46,,철학,『집량론(集量論)』과 『기신론(起信論)』의 귀경게(歸敬偈) 비교,The Maṅgalaśloka of the Pramāṇasamucaya and the Dasheng Qixin Lun,성청환(동국대학교)
ART002796792,2021,12,63,,철학,‘따뜨 뜨밤 아시’(tat tvam asi)에 대한 두 가지 해석 방법과 범아일여의 숨은 논리,Two Methods of Interpretation on ‘tat tvam asi’ and the Hidden Logic of the Oneness between Brahman and Ātman,박효엽(부산대학교)
ART002796794,2021,12,63,,철학,당대(唐代) 돈황 막고굴(敦煌 莫高窟) 관경변상도(觀經變相圖)에 대한 고찰,Study on Tang Dynasty‘s Gwangyeongbyeonsangdo (觀經變相圖) of Dunhuang Mogao Caves,김선희(동국대학교 전자불전문화콘텐츠연구소)
ART002796796,2021,12,63,,철학,소셜미디어에서 나타나는 사이버 힌두뜨바 활동 양상과 그 영향,The Patterns of Cyber Hindutva Activities on Social Media and Its Repercussions,상연진(한국외국어대학교 인도연구소) ; 김민영(인도 자와할랄 네루대학교)
ART002796807,2021,12,63,,철학,Rāhu와 Ketu에 대한 불교와 중국의 인식,The Recognition on Rāhu and Ketu of Buddhism and China,류범선(동국대학교) ; 정승석(동국대학교)
ART002618545,2020,08,59,,철학,맹세와 실행으로 완성되는 詩의 논리:『카비야 알람카라』(Kāvyālaṃkāra) 제5장을 중심으로,Poetic Logic as Vow and its Accomplishment: in the 5th Chapter of the Kāvyālaṃkāra of Bhāmaha,류현정(서울대학교)
ART002618629,2020,08,59,,철학,샹까라의 체계에서 범아일여의 의미와 양상: 『브라흐마 수뜨라 주석』을 중심으로,The Meanings and Aspects of the Identity between Brahman and Ātman in Saṅkara’s System: Focusing on Brahmasūtra-bhāṣya,박효엽(경북대학교)
ART002618744,2020,08,59,,철학,『보리도차제대론』에 나타나는 승의자성의 의미,On the Meaning of Pāramārtha-svabhāva in Tsong-kha-pa’s Lam Rim Chen Mo,이태승(위덕대학교)
ART002950987,2003,12,2,12,철학,埼伽師抽論에 있어 ‘128종 隨眠(anuśaya) ’說의 칭립과 그 특징,Die Klassifikation der 128 Abarten der anusayas in der Yogacarabhumi,안성두(서울대학교)
ART002951076,1994,11,4,,철학,바가바드기따의 제사관-불교의례의 재검토를 위한 定礎로서-,바가바드기따의 제사관-불교의례의 재검토를 위한 定礎로서-  l,김호성(동국대학교)
ART002951083,1995,01,5,,철학,무아 윤회의 反불교적 예증,무아 윤회의 反불교적 예증 l,정승석(동국대학교)
ART002951091,1995,01,5,,철학,"業說과 恩寵의 양립 문제_라마누자의 박띠(bhakti, 信愛)를 중심으로_","業說과 恩寵의 양립 문제_라마누자의 박띠(bhakti, 信愛)를 중심으로_",이거룡(선문대학교)
ART002951215,1996,12,6,,철학,즈냐나가르바의 二諦說에 대하여,.즈냐나가르바의 二諦說에 대하여 l,이태승(위덕대학교)
ART002951320,1998,11,8,,철학,『中觀莊嚴論』의 形象說에 대하여,『中觀莊嚴論』의 形象說에 대하여 l,이태승(위덕대학교)
ART002953540,1989,12,1,,철학,간디의 宗敎觀 硏究,간디의 宗敎觀 硏究 l,김선근(동국대학교)
ART002953598,1992,09,2,,철학,요가수행에 대한 고찰,요가수행에 대한 고찰 l,이태영(동국대학교)
ART002953697,1993,11,3,,철학,『二諦分別論』에 있어서 유가행파 批判에 대하여,『二諦分別論』에 있어서 유가행파 批判에 대하여 l,이태승(위덕대학교)
ART002954537,2002,08,1,12,철학,瑜伽行派에 있어 見道 (darśana-mārga)說 (1),Der Darśana-mārga der Yogācāra-Schule (1),안성두(서울대학교)
ART002954608,2002,08,1,12,철학,The Case of Vegetarianism _A Buddhist Perspective_,The Case of Vegetarianism _A Buddhist Perspective_,Lambert Schmithausen(Hamburg University)
ART001946053,2014,12,42,,철학,일본 근대 인도철학의 성립과 하라 탄잔(原坦山)의 역할,The Formation of the Study of Indian Philosophy in Modern Japan and the Role of Tanzan Hara,이태승(위덕대학교)
ART001946105,2014,12,42,,철학,파니니(Pāṇini) 문법의 형태론 ＿단어(pada) ; 어기(語基)와 접사(pratyaya)＿,The Morphological character of word(pada) in Aṣṭādhyāyī,김현덕(동국대학교)
ART001946204,2014,12,42,,철학,<삼무성론>에 나타난 진제의 삼성설 해석의 특징 (II) ＿유식문헌의 인용과 그 해석상의 차이를 중심으로＿,Characteristics of Paramārtha's Trisvabhāva Theory: in San wu hsing lun with reference to Indian Yogācāra texts (II),안성두(서울대학교)
ART001946313,2014,12,42,,철학,<密意解明(dGongs pa rab gsal)>에 나타난 중관학파의 부정대상(dgag bya),The Object of Negation from Illumination of the Thought(dGongs pa rab gsal),박영란(동국대학교)
ART001987249,2015,04,43,,철학,‘낙(樂) 등’의 심리현상에 대한 불교인식론의 논증 (Ⅰ) - 『量評釋』의 정리·승론학파 견해 검증을 중심으로 -,A Buddhist demonstration on pleasure etc. as psychological phenomena : from Dharmakīrti’s epistemological examination to Nyāya-Vaiśeṣika’s pleasure,박기열(동국대학교)
ART001987497,2015,04,43,,철학,유식학적 기반으로 본 명상심리의 기초적 연구 - 융의 분석심리학과 관련하여 -,A study on Buddhist meditation psychology based on Yogācāra system : in relation to C. G. Jung’s analytical psychology,김재권(능인불교대학원대학교)
ART001987498,2015,04,43,,철학,바수반두의 찰나멸 논증을 둘러싼 몇 가지 해석상의 문제들 - Yuktidīpikā와의 관련성을 중심으로 -,A Study on Several Probolems in Analysis of Vasubandhu's Proof of Momentariness: with a focus on connection with Yuktidīpikā,강형철(금강대학교 불교문화연구소)
ART001987500,2015,04,43,,철학,불교대치명상의 심리치료에 대한 고찰 - 빨리 불전을 중심으로 -,A Study of the Psychotherapy of Buddhist Replacement Meditation : Focus on Pāli Canons,백도수(금강대학교)
ART001871424,2014,04,40,,철학,上座 슈리라타의 ‘一心’,On the concept of 'the one-mind(ekacitta)' of Sthavira Srīlāta,권오민(경상대학교)
ART001871670,2014,04,40,,철학,불교인식론의 ‘의지각’과 ‘자기인식’을 위한 구사론의 수(vedanā)에 관한 고찰,On vedanā in Abhidharmakośabhāṣyam for understanding mānasapratyakṣa and svasaṃvedana in Buddhist epistemology,박기열(동국대학교)
ART001871673,2014,04,40,,철학,화엄경의 편집의 사상적 배경에 대한 고찰,A Study on the Doctrinal Background of the Editing of the Flower Garland Sutra,석길암(금강대학교)
ART001871674,2014,04,40,,철학,담론(談論) 그리고 욕망 _유식 사상과 푸코의 이론을 중심으로_,Discourse and Desire: Focusing on the thought of Yogācāra and M.P. Foucault,안환기(서울대학교)
ART001871675,2014,04,40,,철학,요가 철학에서 거론하는 소지성(vedyatva) 개념의 함의(含意),The Implication of Vedyatva Mentioned in Yoga Philosophy,정승석(동국대학교)
ART001911062,2014,08,41,,철학,수행차제로서 아사나에 대한 경맥학적 해석,Interpretation of Āsana as a Step of Discipline by the Principles of Merdian,이영일(동국대학교) ; 정승석(동국대학교)
ART001911158,2014,08,41,,철학,후기 중관사상에서 본 불성과 영성 _『불성론』과 스즈키 다이세츠의 영성관과 비교하여_,The Understanding of the Concepts of Spirituality and Buddha-nature in Later Madhyamaka Thoughts,이태승(위덕대학교)
ART001911161,2014,08,41,,철학,규칙분할(yogavibhāga)을 통한 복합어 vāgarthāviva의 성격 규명,Clue to the character of samāsa ‘vāgarthāviva’ through yogavibhāga,김현덕(동국대학교)
ART001911162,2014,08,41,,철학,아드와이따 베단따의 가상 담론: 기만에서 유희로,Discourse on the Virtual in Advaita Vedānta: from Deception to Play,박효엽(경북대학교)
ART001911163,2014,08,41,,철학,샹카라의 지행회통(知行會通) 비판에 대한 고찰,Study on Śaṅkara’s Criticism on Jñāna-karma-samuccayavāda: Based on Bhagavadgītābhāṣya 2.11,김호성(동국대학교)
ART001911164,2014,08,41,,철학,眞諦의『三無性論』에 나타난 삼성설 해석의 특색 _인도유식문헌과 관련하여 (I)_,Characteristics of Paramārtha's Trisvabhāva Theory: in San wu hsing lun,안성두(서울대학교)
ART001911165,2014,08,41,,철학,불교 인식론의 전통에서 분별지(kalpanā) 정의,Analysis on the definition of kalpanā in the traditional Buddhist epistemology,박기열(동국대학교)
ART001911235,2014,08,41,,철학,바마하(Bhāmaha)의 ‘소리에 의한 수사법’ 연구 _Kāvyālaṃkāra 2장 1∼20송을 중심으로_,Study on Śabdālaṃkāra represented in Bhāmaha’s Kāvyālaṃkāra II. 1～20,류현정(동국대학교)
ART002461239,2019,04,55,,철학,빠알리어 동사의 법에 관한 『목갈라나 문법』의 규칙과 예시 분석,An Analysis on Rules and Examples of Moggallāna-vyākaraṇa: with reference to Pāli Moods,김서리(동국대학교)
ART002461288,2019,04,55,,철학,현대요가에 끼친 쉬리 요겐드라의 영향,Shri Yogendra’s Effect to Modern Yoga,심준보(금강대학교 불교문화연구소)
ART002461300,2019,04,55,,철학,하타 요가(Haṭha Yoga) 자세(āsana) 수행의 효과__주요 3종 문헌을 중심으로__,Effects of Practicing Āasanas in Haṭha Yoga: Focused on Three Main Texts,김재민(동국대학교)
ART002461317,2019,04,55,,철학,힌두민족국가 개념의 구체화__사바르까르(V. D. Savarkar)의 ‘힌두 라슈뜨라’를 중심으로__,Materializing the Concept of a Nation State: ‘Hindu Rashtra’ in the writings of V. D. Savarkar,이지은(한국외국어대학교 인도연구소)
ART002461329,2019,04,55,,철학,간디의 단식이 인도 사회 통합에 미친 영향,The Effects of Gandhi's Fasting on the Integration of Indian Society,박금표(한국외국어대학교)
ART002496260,2019,08,56,,철학,유식학의 법무아 해석과 그 증득 방법,Meaning of the Dharmanairātmya and the Way to its Realization in the Early Yogācāra Texts,안성두(서울대학교)
ART002496269,2019,08,56,,철학,『입보리행론』(Bodhicaryāvatāra)에 사용된 산스끄리뜨 운율 연구,A Study of Sanskrit Meters in Bodhicaryāvatāra,남승호(동국대학교)
ART002496280,2019,08,56,,철학,딴뜨라 불교 순례에 대한 한 해석__13세기 티벳 승려 착 로짜와 최제뻴(Chag Lo tsā ba Chos rje dpal. 1197∼1264)의 인도 순례를 중심으로__,An Interpretation of Tantric Buddhist Pilgrimage Based on the Pilgrimage to India of the 13th Century Tibetan Buddhist Monk Chag Lo tsā ba Chos rje dpal (1197~1264),조석효(고려대학교 민족문화연구원)
ART002496286,2019,08,56,,철학,자이나교 요가 명상의 현대적 발전__프레크샤(Prekṣā) 명상을 중심으로__,A Study on the Modern Development of Jain Yoga and Meditation: Focusing on Prekṣā meditation,양영순(동국대학교)
ART002496290,2019,08,56,,철학,바마하(Bhāmaha)의 ‘의미의 수사법’(arthālaṃkāra)에 대하여 (Ⅱ)__『카비야알람카라』(Kāvyālaṃkāra) 제3장을 중심으로__,Bhāmaha’s Arthālaṃkāras (Ⅱ): Especially in the 3rd Pariccheda of Kāvyālaṃkāra,류현정(서울대학교)
ART002540984,2019,12,57,,철학,고대인도 제식에서 물의 다양한 역할,On the Various Ritual Roles of Water in Ancient India,박문성(가톨릭대학교)
ART002541079,2019,12,57,,철학,經量部의 見道(darśana-mārga)說,On the Theory of Darśana-mārga of the Sautrāntika,권오민(경상대학교)
ART002541097,2019,12,57,,철학,유식학파의 실재ㆍ형상ㆍ존재에 관한 인식론적 논증,"The Epistemological Examination of the Relationship among Reality(vastu), Appearance(ākāra), and Being(bhāva) in Yogācāra school",박기열(금강대학교 불교문화연구소)
ART002541120,2019,12,57,,철학,요기니탄트라의 다키니(ḍākinī)__용례 분석과 주석가들의 해설을 중심으로__,A Study on ḍākinī described in Yoginītantras: with its nirukti by later commentators,방정란(大正大学)
ART002182070,2016,12,48,,철학,쿠마릴라의 일체지자(一切知者 sarvajña) 존재 부정.,Kumārila’s Critique of Omniscience,성청환(동국대학교)
ART002252798,2017,08,50,,철학,네팔 후기 리차비(Late Licchavi) 문자 형태에 대한 연구 -7~9세기의 비문과 필사본을 중심으로-,An Analysis for the Late Licchavi Script,심재관(상지대학교)
ART002252813,2017,08,50,,철학,사랄라 데비(Sarala Devi)의 비전과 여성운동,The Vision and Women’s Movement of Sarala Devi,박금표(한국외국어대학교)
ART002252818,2017,08,50,,철학,상속(santati)과 존속(avasthāna) __존재의 지속요건을 둘러싼 불교와 상키야의 논쟁_,Santati and Avasthāna: on the Dispute on the Necessary Conditions for Entities Which Sustain Their Form between the Buddhist and the Sāṃkhya,강형철(금강대학교 불교문화연구소)
ART002252825,2017,08,50,,철학,"인도철학에서 인과와 연기, 그리고 상의__나가르주나의 중론을 중심으로__","Indian Buddhism’s Cause and Effect and Interdependent Arising, and apekṣā paraspara: On Nāgārjuna’s Madhyamaka",윤종갑(동아대학교)
ART002299137,2017,12,51,,철학,아유르베다(Āyurveda)에 의거한 요가 아사나(āsana) 수련의 마음치유원리,Mind Healing Principles of Yoga Āsana based on Āyurveda,이거룡(선문대학교)
ART002299164,2017,12,51,,철학,여섯 [정화] 행법(ṣaṭkarma)의 질병 치유 효과___『게란다 상히타』(Gheraṇḍa-Saṃhitā)를 중심으로__,Therapeutic Effects of Ṣaṭkarma: focused on Gheraṇḍa-Saṃhitā,김재민(동국대학교)
ART002299191,2017,12,51,,철학,빠알리어 시제에 관한 『깟짜야나 문법』과『목갈라나 문법』의 규칙 분석,An Analysis of Grammatical Rules for Kaccāyana-Vyākaraṇa and Moggallāna-Vyākaraṇa with reference to Pāli Tense,김서리(동국대학교)
ART002299205,2017,12,51,,철학,The Concept of Śamatha and Vipaśyanā in Yogācārabhūmi with special reference to Śamatha-vipaśyanā-yuganaddha-vahin,The Concept of Śamatha and Vipaśyanā in Yogācārabhūmi with special reference to Śamatha-vipaśyanā-yuganaddha-vahin,안성두(서울대학교)
ART002220277,2017,04,49,,철학,‘우빠니샤드’라는 말의 의미와 샹까라의 풀이,Meaning of the Word ‘upaniṣad’ and Śaṅkara’s Explanation,박효엽(경북대학교)
ART002220279,2017,04,49,,철학,"경량부 종자설에 대한 중현과 무착의 비판, 그리고 세친의 딜레마","Saṃghabhadra and Asaṅga’s Criticism on the Theory of Seeds(bīja) in Sautrāntika, and Vasubandhu’s Dilemma",권오민(경상대학교)
ART002220280,2017,04,49,,철학,『유가사지론』 「성문지」의 ‘종성지’에 대해,On Gotrabhūmi in the Śrāvakabhūmi,김성철(금강대학교)
ART002220281,2017,04,49,,철학,빠알리어에서 격(格)의 의미론적 이해를 위한 kāraka 분석의 중요성,The Importance of the Analysis of Kāraka for the Semantic Comprehension of Cases in Pāli,김서리(동국대학교)
ART002220282,2017,04,49,,철학,찬드라키르티의 자기인식설 비판__lakṣaṇa와 lakṣya의 관계를 중심으로__,Candrakīrti's Criticism on the Svasaṃvedana : Based on Relationship with lakṣaṇa and lakṣya,정상교(금강대학교 불교문화연구소)
ART002220283,2017,04,49,,철학,유식 삼성설의 관점에서 본 F. H. 브래들리의 실재 개념,Bradley's Concept of Reality Compared to the Interpretations on the Three Natures Theory of Yogācāra Philosophy,이규완(서울대학교)
ART002182066,2016,12,48,,철학,상키야의 지각 정의를 비판한 디그나가의 쟁점,Dignāga’s Critical Issues against the Sāṃkhya Definition of Perception,정승석(동국대학교)
ART002182068,2016,12,48,,철학,대론(對論)의 메커니즘: 『브라흐마 수뜨라 주석』의 경우,The Mechanism of Debates: A Case Study of Brahma-sūtra-bhāṣya,박효엽(경북대학교)
ART002182072,2016,12,48,,철학,일본 최초의 인도철학사 강의록에 대한 일고찰,"A Survey on the Note of History of Indian Philosophy Lectured by Inoue, Tetsujiro for the First Time in Japan",이태승(위덕대학교)
ART002182074,2016,12,48,,철학,‘무명’(avidyā)의 말놀이(nirukta) : ‘비존재’인가? ‘알지 못함’인가?,Wordplay(nirukta) of the “avidyā”: non-existence or ignorance,이영진(금강대학교)
ART002182075,2016,12,48,,철학,바르뜨르하리(Bhartṛhari)의 ‘말’ 개념에 담긴 세 가지 함의,Three Implications of Bhartṛhari’s Notion of ‘Speech’,함형석(고려대학교 민족문화연구원)
ART002182311,2016,12,48,,철학,"각성된 죽음, 자이나교의 살레카나","Awaking Death, the Sallekhāna of Jainism",양영순(동국대학교)
ART002665373,2020,12,60,,철학,자이나교의 성적 금욕론 (1):‘성 긍정론’에 대한 비판을 중심으로,A Study on the Jain's Sexual Asceticism (1):Regarding the critique of the affirmations on sexual activity,양영순(동국대학교)
ART002665444,2020,12,60,,철학,유식의 구조와 언어의 상관성에 관한 고찰: 『반야경』의 언어관과 관련하여,A Study of Correlation between Language and the Structure of Vijñaptimātra as regards a non-realist view of language of the Prajñāparamitā-sūtras,김재권(능인대학원대학교)
ART002750170,2021,08,62,,철학,아쉬바고샤(Aśvaghoṣa)의 『사운다라난다』(Saundarananda)에 나타난 인도 문학의 초기 수사법,Early Characteristics of the Alaṃkāras represented in the Saundarananda of Aśvaghoṣa,류현정(서울대학교 아시아연구소 남아시아센터)
ART002750194,2021,08,62,,철학,『법화경』에 설해진 붓다의 보살행에 대한 주석적 연구 검토,A Review of the Exegetical Studies on the Buddha’s Bodhisattva Practice: Described in the Lotus Sutra,하영수(금강대학교 불교문화연구소)
ART002750219,2021,08,62,,철학,승랑과 원효의 상즉론(相卽論)의 비교연구,A Comparative Study on the Doctrine of Mutual Identification between Seung-rang and Wonhyo,김영미(동국대학교)
ART002582656,2020,04,58,,철학,唯識의 識轉變과 요가의 훈습 원리__護法과 安慧의 주석 및 『요가주』를 중심으로__,"The Vijñāna-pariṇāma of Yogācāra and the Vāsanā of Yoga Philosophy: Centering around Interpretations of Dharmapāla, Sthiramati and Yogasūtra-bhāṣya",고대석(동국대학교) ; 정승석(동국대학교)
ART002582660,2020,04,58,,철학,『법법성분별론』의 법(dharma)과 법성(dharmatā),Dharma & Dharmatā in the Dharmadharmatāvibhaṅga,김성옥(동국대학교)
ART002582689,2020,04,58,,철학,고전 산스끄리뜨의 바이딸리야(Vaitālīya) 운율 군(群) 연구 (Ⅰ)__바이딸리야와 아우빠찬다시까(Aupacchandasika)를 중심으로__,A Study on the Vaitālīya in the Classical Sanskrit Metre (Part I): Focused on Vaitālīyā and Aupacchandasika,박영길(금강대학교)
ART002582698,2020,04,58,,철학,『중론』 제9장의 논적(論敵) 연구__Sarvagatātman을 둘러싼 주석을 중심으로__,A Study of a Critical Opponent of MMK chp. 9: Based on Commantaries Surrounding the Universal Self(sarvagatātman),정상교(금강대학교)
ART002582703,2020,04,58,,철학,『마하바라따』에서 성전환자 시칸디의 역할과 현대 인도 사회에 끼친 영향,"Śikhaṇḍī, a Transgender’s Role in Mahābhārata and Continuing Impact on Modern Indian Society",남승호(동국대학교)
ART002950193,1989,12,,,철학,《中論》 觀行品第十三,,김하우(고려대학교)
ART002950990,2003,12,,,철학,영혼의 색채에 대한 자이나 이론,,김미숙(동국대학교)
ART002950994,2003,12,,,철학,Krttika와 七聖賢 그리고 아그니 _베다 문헌의 별자리 신화소에 대한 한 분석_,,심재관(강릉대학교)
ART002951071,1994,11,,,철학,간디의 形而上學에 끼친 Vedānta의 영향,,김선근(동국대학교)
ART002951073,1994,11,,,철학,가치론적 측면에서 본 Saṃvṛti와 Māyā,,이호근(강릉원주대학교)
ART002951074,1994,11,,,철학,Viśiṣṭādvaita 학파의 샹까라 체계 비판,,주명철(동방문화대학원대학교)
ART002951078,1994,11,,,철학,Rāmānuja의 汎在神論에 있어서 神과 世界의 存在論的 連續性과 神의 有限化 問題,,이거룡(선문대학교)
ART002951080,1994,11,,,철학,楞伽經의 禪思想硏究,,이법산(동국대학교)
ART002951082,1994,11,,,철학,中論에 나타난 龍樹의 緣起觀,,윤종갑(부산대학교 철학과)
ART002951084,1995,01,,,철학,中觀 論理의 起源에 대한 基礎的 硏究 - 方便心論의 ‘時同-相應’ 論法에 대한 검토-,,김성철(동국대학교)
ART002951086,1995,01,,,철학,알라야식설과 무의식설의 비교 고찰_ 唯識佛敎와 分析心理學을 중심으로,,남수영(능인대학원대학교)
ART002951087,1995,01,,,철학,쁘라산나빠다에 나타난 짠드라끼르띠의 現量論,,박인성(동국대학교)
ART002951205,1996,12,,,철학,Padhānasutta와 增一阿含의 降魔전설,,서성원(동국대학교)
ART002951214,1996,12,,,철학,Rāma 說話에 나타난 Dharma의 意味,,서행정(한국외국어대학교)
ART002951270,1996,12,,,철학,Kashmir Śaivism의 Śakti론,,서종순(원광디지털대학교)
ART002951276,1996,12,,,철학,윤회관에서 微細身 개념의 전개,,정승석(동국대학교)
ART002951277,1996,12,,,철학,[번역] ‘法’과 ‘空’에 대한 연기론적 이해_하카마야 노리아키(袴谷 憲昭),,안승준(동국대 인도철학과)
ART002951278,1997,12,,,철학,인도 종교에서 三密의 연원,,권영택(위덕대학교)
ART002951282,1997,12,,,철학,간디철학에 끼친 Bhagavadgītā의 영향,,김선근(동국대학교)
ART002951285,1997,12,,,철학,인도 신화의 고행주의적 전개,,정승석(동국대학교)
ART002951286,1997,12,,,철학,인도 종교에 있어서 性과 종교의 상관 관계,,김형준(동국대학교)
