author,artiId,pub_year,journal,categories,title,n_authors,authors,affil
강성용,ART000868508,2003,철학사상,철학,인도 논리전통에 있어서 논쟁의 시간적 전개와 관련된 몇몇 오류들에 대하여,1,강성용,서울대학교
강성용,ART000858637,2003,불교학연구,불교학,바수반두(Vasubandhu)의 논쟁에 대한 이해,1,강성용,서울대학교
강성용,ART001099528,2004,철학,철학,adhikarana연구 Ⅱ ―,1,강성용,서울대학교
강성용,ART001099477,2004,철학,철학,"adhikarana 연구Ⅰ - 고대인도의 논쟁, 논리전통에서의 adhikarana에 대하여",1,강성용,서울대학교
강성용,ART000939682,2004,인도철학,철학,＂Pramaa.na＂와 ＂Pratyak.sa＂에 대하여,1,강성용,서울대학교
강성용,ART001077697,2007,인도철학,철학,초선의 경험과 회상 그리고 서술_붇다 일대기에서 초선에 대한 서술이 갖는 특징과 그 의미들,1,강성용,오스트리아비엔나대학교
강성용,ART002031040,2008,불교학리뷰,불교학,The New Critical Edition of the Nyãyabhãsya and Its Meaning for the Research in Early Buddhist Debate Tradition-The Case of jati and 相應,1,강성용,서울대학교
강성용,ART001398738,2009,인문언어,기타인문학,인도의 구전전통에 대한 이해와 인도 고전 읽기 - 빠니니의 쑤뜨라는 몇 개인가 하는 질문을 중심으로,1,강성용,서울대학교
강성용,ART001476693,2010,인도철학,철학,철학용어의 의미 만들기 : 인도의 니룩따(nirukta)전통과 냐야바샤(Nyāyabhāṣya)에서 설명된 ‘jāti’의 경우,1,강성용,서울대학교
강성용,ART001728487,2012,인문논총,기타인문학,Brill’s Encyclopedia of Hinduism에 대한 서평,1,강성용,서울대학교
강성용,ART001827576,2013,인문논총,기타인문학,인도 무화과에서 한국 풀잠자리알까지- 우담바라의 전설과 인도 우둠바라(udumbara)에 대하여 -,1,강성용,서울대학교
강성용,ART001837439,2013,인문언어,기타인문학,고전텍스트의 DNA를 묻는다: 고전텍스트의 문헌전승 계통도 분석에서 계통발생 분석방법(phylogenetical analysis)의 적용과 모색,1,강성용,서울대학교
강성용,ART001767883,2013,의사학,역사학,인도 안과의학의 동아시아 전래와 『용수보살안론(龍樹菩薩眼論)』,2,김성수;강성용,서울대학교 인문학연구원
강성용,ART001940194,2014,로컬리티 인문학,기타인문학,"<좌담회> 인문학, 인문한국 그리고 '지금 여기'의 당사자성",6,문재원;강성용;이민용;정명중;정진아;차철욱,서울대학교
강성용,ART002051279,2015,철학논집,철학,인도철학에서의 ‘진리’ 개념에 대하여 I - ‘Tattva’의 두 의미 -,1,강성용,서울대학교
강성용,ART002067879,2015,인문학연구,기타인문학,인도철학에서의 ‘진리’ 개념에 대하여 II: ‘satyam eva jayate’와 ‘satya’ 개념,1,강성용,서울대학교
강성용,ART002294838,2017,인문학연구,기타인문학,"쌍쓰끄리땀 문법의 서술, 그 역사적 맥락과 쟁점들",1,강성용,서울대학교
강성용,ART002421647,2018,인도철학,철학,"쌍쓰끄리땀의 아누쓰바라와 콧소리 표기, 그 역사적 맥락과 표기 원칙",1,강성용,서울대학교
강성용,ART002507155,2019,불교학연구,불교학,"최초기 불교전통에 나타나는 자이나전통의 전지자(sarvajña, 一切知者) 주장 비판의 맥락과 함축",1,강성용,서울대학교
강성용,ART002460833,2019,불교학리뷰,불교학,쌍쓰끄리땀 교육을 위한 교재들의 쟁점과 모색,1,강성용,서울대학교
강성용,ART002476347,2019,불교학연구,불교학,‘고귀한 (이의) 네 진리’를 담은 표현의 문법적 문제와 초기불교의 이해에 대하여,1,강성용,서울대학교
강성용,ART002461314,2019,인문과학,기타인문학,"쌍쓰끄리땀 문법의 서술, 구조적 쟁점들에 대하여",1,강성용,서울대학교
강성용,ART002664219,2020,아시아리뷰,사회과학일반,쌍쓰끄리땀과 암벧까르(Ambedkar)의 소환 그리고 고대사 재구성과 인도 현대 정치의 규정요소로서의 언어,1,강성용,서울대학교
강성용,ART002723160,2021,인문논총,기타인문학,‘주사위 노름’으로 오해되는 고대 인도의 내기에 대한 해명 — 베다시기 견과윷(akṣa) 경기와 <<릭베다>>(Ṛgveda)의 “견과윷 노래”(Akṣa-sūkta)를 중심으로,1,강성용,서울대학교
강성용,ART002795230,2021,아시아리뷰,사회과학일반,인도 스마트시티미션을 둘러싼 사회·경제적 맥락의 고찰: 경제와 정치의 악순환 구조를 매개하는 재정 문제를 통해 본 기반시설 조성 전략,1,강성용,서울대학교
강성용,ART002905108,2022,인문논총,기타인문학,인도 근대 ‘힌두교’ 만들기와 인도식 세속주의의 맥락: 왜 인도에서는 반지성주의가 문제되지 않는지를 묻는다,1,강성용,서울대학교
강성용,ART003284817,2025,아시아리뷰,사회과학일반,서문 - 인도 게임 산업과 청년 사회: 산업 성장 동력과 사회적 변동의 교차점,1,강성용,서울대학교 아시아연구소
강성용,ART003285054,2025,아시아리뷰,사회과학일반,인도 청년들은 왜 모바일 게임에 열광하는가?: 인도 청년층의 모바일 게임 경험과 사회적 관계망 형성 양상,2,강성용;남은영,서울대학교 아시아연구소
권서용,ART001041215,2007,보조사상,종교학,다르마끼르띠의 존재와 인식의 본질에 관한 고찰,1,권서용,부산대학교
권서용,ART001077211,2007,인도철학,철학,"다르마끼르띠와 화이트헤드 사상의 접점_현실적 존재(vastu, actual entity)의 찰나멸을 중심으로",1,권서용,부산대학교
권서용,ART001462388,2010,화이트헤드 연구,서양철학일반,"다르마키르티와 화이트헤드 사상의 접점(Ⅰ) - 현실적 존재(vastu, actual entity)를 중심으로 -",1,권서용,부산대학교
권서용,ART001650424,2012,동아시아불교문화,지역불교및불교사연구,불교의 인식론과 서양의 인식론에 관한 비교연구 - 디그나가·다르마끼르띠·로크·칸트를 중심으로,1,권서용,부산대학교
권서용,ART001689936,2012,불교학보,기타불교학,의상과 화이트헤드 - 화엄철학과 유기체철학을 중심으로,1,권서용,부산대학교
권서용,ART001658520,2012,인도철학,철학,대상인식과 자기인식으로서 지각과 추리에 관한 다르마키르티의 논증,1,권서용,부산대학교
권서용,ART001759469,2013,동아시아불교문화,지역불교및불교사연구,『金剛經』 諸註釋에 관한 小考-金剛經 제5분을 중심으로,1,권서용,부산대학교
권서용,ART002039870,2015,동아시아불교문화,지역불교및불교사연구,다르마키르티와 화이트헤드 사상의 접점(3) - 지각의 종류와 구조를 중심으로,1,권서용,부산대학교
권서용,ART002075083,2015,동아시아불교문화,지역불교및불교사연구,다르마키르티의 의지각과 화이트헤드의 현시적 직접성의 양태로서의 지각에 관한 연구,1,권서용,부산대학교
권서용,ART002273576,2017,동아시아불교문화,지역불교및불교사연구,유식(唯識)과 기억[念]에 관하여 - 『유식이십론』과 『양평석』을 중심으로,1,권서용,부산대학교
권서용,ART002220275,2017,인도철학,철학,다르마키르티의 인과 이론__외계실재론과 유식론을 중심으로__,1,권서용,부산대학교
권서용,ART002285297,2017,인도연구,서남아시아,화이트헤드의 파악(prehension)과 다르마키르티의 인식(pramāṇa)에 관한 비교연구,1,권서용,부산대학교
권서용,ART002654396,2017,불교철학,한국불교철학,원효와 법칭의 만남과 대화,1,권서용,부산대학교
권서용,ART002390549,2018,동아시아불교문화,지역불교및불교사연구,원효의 불확정[不定] 원리와 법칭의 선험적 원리에 관한 연구 - 원효의 『판비량론(判比量論)』 11절을 중심으로 -,1,권서용,부산대학교
권서용,ART002376777,2018,한국불교학,종교학,앎[識]의 구조에 관한 논쟁 - 법칭과 원효를 중심으로 -,1,권서용,부산대학교
권서용,ART002341762,2018,인도철학,철학,다르마키르티의 기억에 관한 소고,1,권서용,부산대학교
권서용,ART002360545,2018,코기토,기타인문학,원효와 화이트헤드사상의 접점에 관한 비교연구,1,권서용,부산대학교
권서용,ART002330661,2018,한국불교학,종교학,4차 산업의 문제점과 불교의 역할,1,권서용,부산대학교
권서용,ART002546739,2019,동아시아불교문화,지역불교및불교사연구,다르마키르티와 화이트헤드의 종교철학에 관한 고찰- 불(佛)과 신(神)을 중심으로,1,권서용,부산대학교
권서용,ART002737612,2021,동아시아불교문화,지역불교및불교사연구,다르마키르티와 비트겐슈타인의 언어철학 비교연구 - 아포하(apoha) 이론과 언어게임(game) 이론을 중심으로 -,1,권서용,부산대학교
권서용,ART002869860,2022,한국불교학,종교학,디그나가의 인식논리에 대한 다르마키르티의 비판적 수용 - 상위결정을 중심으로 -,1,권서용,부산대학교
권서용,ART002819621,2022,동아시아불교문화,지역불교및불교사연구,"내재적 초월의 철학과 초월적 내재의 종교,그 새로운 철학과 종교에 관한 시론- 화이트헤드와 다르마키르티의 인식론과 종교론을 중심으로 -",2,권서용;문성원,부산대학교
권서용,ART002938772,2023,동아시아불교문화,지역불교및불교사연구,상위결정에 관하여- 원효와 법칭을 중심으로 -,1,권서용,부산대학교
권서용,ART003079203,2024,불교철학,한국불교철학,분황 원효 『판비량론』의 중심 내용과 주요 특징,1,권서용,부산대학교
권서용,ART003109316,2024,한국불교학,종교학,디그나가 인식논리에 대한 동아시아 불교논리에로의 변용 - 현장의 유식비량을 둘러싼 논쟁을 중심으로 -,1,권서용,부산대학교
권오민,ART000967049,2005,한국불교학,종교학,교학과 종학,1,권오민,경상대학교
권오민,ART001026859,2006,한국불교학,종교학,經主 世親과 上座 슈리라타(rlta),1,권오민,경상대학교
권오민,ART001202178,2007,한국불교학,종교학,譬喩論者(Darstantika)의 無境覺(無所緣識)論,1,권오민,경상대학교
권오민,ART001054682,2007,한국불교학,종교학,4聖諦와 12緣起,1,권오민,경상대학교
권오민,ART001041217,2007,보조사상,종교학,緣起法이 불타 自內證이라는 經證 검토,1,권오민,경상대학교
권오민,ART001320660,2009,불교학보,기타불교학,俱舍論』에서의 經量部(2),1,권오민,경상대학교
권오민,ART001318724,2009,한국불교학,종교학,『俱舍論』에서의 經量部 (1),1,권오민,경상대학교
권오민,ART001473266,2010,불교학연구,불교학,알라야식의 연원에 관한 一考 ―上座 슈리라타의 18界 이해를 중심으로,1,권오민,경상대학교
권오민,ART001421819,2010,불교학보,기타불교학,『順正理論』에서의 經量部,1,권오민,경상대학교
권오민,ART001424080,2010,인도철학,철학,불교철학에 있어 학파적 복합성과 독단성(1)_世親의 唯識二十論에서의 외계대상 비판의 경우,1,권오민,경상대학교
권오민,ART001477430,2010,불교연구,불교학,불교철학에 있어 학파적 복합성과 독단성(2) 陳那의 『觀所緣緣論』에서의 외계대상 비판의 경우,1,권오민,경상대학교
권오민,ART001434311,2010,한국불교학,종교학,世親과 經量部,1,권오민,경상대학교
권오민,ART002031009,2010,불교학리뷰,불교학,鳩摩羅設摩의 ‘文頌’과 扇帙略의‘論門’ 散考,1,권오민,경상대학교
권오민,ART001616804,2011,불교학연구,불교학,Sthitibhāgīya(順住分者)와 Śvalāṅgūlika,1,권오민,경상대학교
권오민,ART001617416,2011,불교학보,기타불교학,『아비달마디파』에서의 譬喩者와 經量部(1),1,권오민,경상대학교
권오민,ART001547839,2011,불교학연구,불교학,壞法論宗과 Vaitulika ─有部 아비달마에서의 ‘대승’ 이해,1,권오민,경상대학교
권오민,ART001653939,2012,불교학보,기타불교학,『아비달마디파』에서의 譬喩者와 經量部(2),1,권오민,경상대학교
권오민,ART001689974,2012,불교학보,기타불교학,譬喩者의 和合見說 散考,1,권오민,경상대학교
권오민,ART001749075,2013,불교연구,불교학,부파분열과 파승,1,권오민,경상대학교
권오민,ART001798269,2013,불교연구,불교학,譬喩者의 和合見說과 관련된몇 가지 가설 비판,1,권오민,경상대학교
권오민,ART001890859,2014,한국불교학,종교학,上座 슈리라타의 ‘一心’과 알라야識,1,권오민,경상대학교
권오민,ART001904107,2014,불교연구,불교학,先代軌範師의 ‘色心互熏說’ 散考,1,권오민,경상대학교
권오민,ART001871424,2014,인도철학,철학,上座 슈리라타의 ‘一心’,1,권오민,경상대학교
권오민,ART002029916,2014,불교학리뷰,불교학,"상좌 슈리라타와 무착과 중현, 그리고 세친",1,권오민,경상대학교
권오민,ART001981189,2015,동아시아불교문화,지역불교및불교사연구,효교학과 아비달마 - 화쟁론을 중심으로,1,권오민,경상대학교
권오민,ART001985001,2015,불교학보,기타불교학,알라야識의 존재증명과 경량부(I) - 유가사지론』의 경우,1,권오민,경상대학교
권오민,ART002039840,2015,동아시아불교문화,지역불교및불교사연구,불교 지성의 전통과 역사,1,권오민,경상대학교
권오민,ART001963943,2015,불교연구,불교학,先代軌範師의 ‘色心互熏說’ 散考(續),1,권오민,경상대학교
권오민,ART002127367,2016,한국불교학,종교학,혜초의 『왕오천축국전』에서의新頭故羅國과 衆賢,1,권오민,경상대학교
권오민,ART002092738,2016,불교학보,기타불교학,알라야識의 존재증명과 경량부(Ⅱ) - 『섭대승론』의 경우,1,권오민,경상대학교
권오민,ART002190167,2016,동아시아불교문화,지역불교및불교사연구,아비달마불교에서의 마음에 관한 몇 가지 쟁점,1,권오민,경상대학교
권오민,ART002220279,2017,인도철학,철학,"경량부 종자설에 대한 중현과 무착의 비판, 그리고 세친의 딜레마",1,권오민,경상대학교
권오민,ART002205133,2017,불교연구,불교학,上座 슈리라타의 ‘舊隨界’,1,권오민,경상대학교
권오민,ART002244631,2017,禪文化硏究,기타불교학,유가 법상종에서의 경량부 종자설 이해,1,권오민,경상대학교
권오민,ART002273575,2017,동아시아불교문화,지역불교및불교사연구,세친의 ‘직접지각의 자각(pratyakṣabuddhi: 現量覺)’ 이해,1,권오민,경상대학교
권오민,ART002357516,2018,불교학보,기타불교학,선대궤범사와 상좌 슈리라타: ‘복업은 증장한다’는 경설 해석과 관련하여,1,권오민,경상대학교
권오민,ART002359751,2018,불교학리뷰,불교학,세친의 종자설 再考,1,권오민,경상대학교
권오민,ART002541079,2019,인도철학,철학,經量部의 見道(darśana-mārga)說,1,권오민,경상대학교
권오민,ART002617017,2020,한국불교학,종교학,"불교전통에서의 불교학, 우리 시대의 불교학",1,권오민,경상대학교
권오민,ART002562185,2020,불교연구,불교학,經量部의 修道(bhāvanā-mārga) 說,1,권오민,경상대학교
권오민,ART002599488,2020,불교학보,기타불교학,알라야식에 대해 다시 생각한다-경량부의 ‘미세한 의식’과 관련하여,1,권오민,경상대학교
김서리,ART001726615,2012,인도철학,철학,『목갈라나 문법』(Moggallāna-vyākaraṇa)의 체계성 고찰,1,김서리,동국대학교
김서리,ART002220281,2017,인도철학,철학,빠알리어에서 격(格)의 의미론적 이해를 위한 kāraka 분석의 중요성,1,김서리,동국대학교
김서리,ART002299191,2017,인도철학,철학,빠알리어 시제에 관한 『깟짜야나 문법』과『목갈라나 문법』의 규칙 분석,1,김서리,동국대학교
김서리,ART002461239,2019,인도철학,철학,빠알리어 동사의 법에 관한 『목갈라나 문법』의 규칙과 예시 분석,1,김서리,동국대학교
김서리,ART002710631,2021,인도철학,철학,빠알리어 동사어간을 만드는 활용문자에 관한 연구 _『목갈라나 문법』과 『깟짜야나 문법』의 규칙을 중심으로_,1,김서리,동국대학교
김서리,ART003075761,2024,인도철학,철학,"빠알리어 접미사 tūna, tvāna, tvā에 관한 연구 __『깟짜야나 문법』, 『목갈라나 문법』, 『삿다니띠』를 중심으로__",1,김서리,동국대학교 WISE캠퍼스
김서리,ART003154861,2024,인도철학,철학,『깟짜야나 문법』의 Samāsa장 분석을 통한 빠알리어 복합어 연구,1,김서리,동국대학교 WISE캠퍼스
김선희,ART001919528,2014,한국불교학,종교학,조선시대 17-18세기 三身三世佛掛佛圖 연구,1,김선희,동국대학교
김선희,ART001953771,2014,도시연구: 역사·사회·문화,역사학,‘중심’ 공간으로서의 한일 경계지역 연구,1,김선희,동국대학교
김선희,ART002220284,2017,인도철학,철학,인도 나식(Nāsik) 석굴사원(石窟寺院) 시론,1,김선희,동국대학교
김선희,ART002424494,2018,한국교수불자연합학회지,응용불교학,조선 후기 興天寺 極樂九品圖(1885년) 연구,1,김선희,동국대학교 전자불전문화콘텐츠연구소
김선희,ART002499910,2019,한국교수불자연합학회지,응용불교학,4차 산업혁명과 불교미술의 새로운 방향성 모색,1,김선희,동국대학교 전자불전문화콘텐츠연구소
김선희,ART002664837,2020,한국교수불자연합학회지,응용불교학,보로부두르 대탑〈선재구법도〉도상에 대한 고찰,1,김선희,동국대학교 전자불전문화콘텐츠연구소
김선희,ART002585032,2020,한국교수불자연합학회지,응용불교학,동북아시아 화엄경변상도의 도상 연구,1,김선희,동국대학교 전자불전문화콘텐츠연구소
김선희,ART002793320,2021,한국교수불자연합학회지,응용불교학,고려시대 관경변상도(觀經變相圖) 16관법(十六觀法)의 고찰,1,김선희,동국대학교 전자불전문화콘텐츠연구소
김선희,ART002710622,2021,한국교수불자연합학회지,응용불교학,조선 후반기 관경변상도(觀經變相圖)의 양식특징,1,김선희,동국대학교 전자불전문화콘텐츠연구소
김선희,ART002796794,2021,인도철학,철학,당대(唐代) 돈황 막고굴(敦煌 莫高窟) 관경변상도(觀經變相圖)에 대한 고찰,1,김선희,동국대학교 전자불전문화콘텐츠연구소
김선희,ART002870116,2022,한국교수불자연합학회지,응용불교학,조선 후기 은해사(銀海寺) 염불왕생첩경도(念佛往生捷勁圖)와 염불사상,1,김선희,동국대학교
김선희,ART003038989,2023,한국교수불자연합학회지,응용불교학,조선시대 영산회괘불도(靈山會掛佛圖)의 청문자상(聽聞者像) 출현에 관한 연구 (-진천 영수사와 안성 청룡사 〈영산회괘불도〉를 중심으로-),1,김선희,동국대학교
김선희,ART002956098,2023,한국교수불자연합학회지,응용불교학,조선 후기 동화사 염불암 극락구품도(極樂九品圖) 연구,1,김선희,동국대학교 전자불전문화콘텐츠연구소
김성옥,ART001476698,2010,인도철학,철학,‘keśa : 눈병 걸린 자에게 나타나는 머리카락’ 비유에 관한 고찰,1,김성옥,동국대학교
김성옥,ART001686124,2012,보조사상,종교학,‘등불의 비유’로 본 자기인식의 문제,1,김성옥,동국대학교
김성옥,ART001830615,2013,인도철학,철학,‘자기인식’에 관한 유식학파와 중관학파의 논쟁,1,김성옥,동국대학교
김성옥,ART001911166,2014,인도철학,철학,다르마끼르띠에 있어서 언어인식의 문제,1,김성옥,동국대학교
김성옥,ART001938502,2014,정토학연구(淨土學硏究),정토학,구법여행기에 보이는 쿠날라(Kunāla) 태자의 전설,1,김성옥,동국대학교
김성옥,ART002002959,2015,정토학연구(淨土學硏究),정토학,공명조(共命鳥)에 대한 관념의 기원과 변천,1,김성옥,동국대학교
김성옥,ART002147123,2016,불교학보,기타불교학,『석가여래행적송』 라훌라 탄생설화에 대한 일고찰,1,김성옥,동국대학교
김성옥,ART002169516,2016,외국문학연구,문학,헤르만 헤세 『싯다르타』에 대한 불교적 해석,1,김성옥,동국대학교
김성옥,ART002285298,2017,인도연구,서남아시아,『밀린다빵하』 윤회의 해명과 12연기,1,김성옥,동국대학교
김성옥,ART002407253,2018,한국불교학,종교학,Ālambanaparīkṣā 제1송 해석의 문제,1,김성옥,동국대학교 다르마칼리지 조교수
김성옥,ART002350136,2018,한국불교학,종교학,자심분별에 대한 원효의 입장‒ 『대승기신론소』⋅『별기』를 중심으로 ‒,1,김성옥,동국대학교
김성옥,ART002425729,2018,민족문화,기타인문학,『瑜伽師地論』 二種 飜譯에 대한 對照 硏究,2,김지오;김성옥,동국대학교
김성옥,ART002518061,2019,불교학리뷰,불교학,『법법성분별론』에 대한 미팜(Mi Pham) 주석의 특징,1,김성옥,동국대학교
김성옥,ART002496645,2019,한국불교학,종교학,공유경제시대 불교경제학의 미래,2,이상호;김성옥,동국대학교
김성옥,ART002582660,2020,인도철학,철학,『법법성분별론』의 법(dharma)과 법성(dharmatā),1,김성옥,동국대학교
김성옥,ART002617024,2020,한국불교학,종교학,『법법성분별론』 전의(轉依) 개념의 특징,1,김성옥,동국대학교
김성옥,ART002746276,2021,한국불교학,종교학,『지광명장엄경』 9가지 비유에 대한 고찰,1,김성옥,동국대학교
김성옥,ART002769525,2021,불교학리뷰,불교학,『법구경』의 성립과 전승과정의 복잡성,1,김성옥,동국대학교
김성옥,ART002782602,2021,보조사상,종교학,"불교와 자연, 그리고 불교경제학 : 포스트코로나 시대의 과제를 중심으로",2,김성옥;이상호,동국대학교
김성옥,ART002743605,2021,보조사상,종교학,행복경제학과 불교: ‘관계’ 개념을 중심으로,2,이상호;김성옥,동국대학교
김성옥,ART002824140,2022,불교학연구,불교학,인공지능 ‘자유의지’ 논의에 대한 선결조건－<엑스마키나(Ex Machina)>를 바라보는 불교와 과학의 시선,2,김성옥;이관수,동국대학교
김성옥,ART002934955,2023,한국불교학,종교학,『금강경』 제27 「무단무멸분]」 번역의 문제,1,김성옥,동국대학교
김성옥,ART002974322,2023,禪文化硏究,기타불교학,대학생의 자기성찰에 미치는 『법구경』의 영향 -동국대 <지혜와 자비 명작세미나> 수업 사례를 중심으로,1,김성옥,동국대학교
김성옥,ART002980056,2023,동아시아불교문화,지역불교및불교사연구,"고립의 시대, 사회적 진단과 불교적 해법",2,이상호;김성옥,동국대학교
김성옥,ART003111836,2024,한마음연구,불교학,자타의 구분 없는 ‘한마음’의 이해,2,김성옥;이관수,동국대학교 다르마칼리지
김성옥,ART003295970,2025,동아시아불교문화,지역불교및불교사연구,브라만·사마나에 대한 『숫따니빠따』의 불교적 관점,1,김성옥,동국대학교 다르마칼리지
김성옥,ART003321141,2026,불교학연구,불교학,『숫따니빠따』에서 산냐(saññā) 해석의 문제,1,김성옥,동국대학교
김태수,ART002022165,2015,인도철학,철학,The Validity of Robinsonian Critiques on Nāgārjunian Logic - Centering on the Interpretation of Catuṣkoṭi -,1,김태수,서울대학교
김태수,ART002104135,2016,인도철학,철학,The Validity of a Robinsonian Interpretation of the Nāgārjuna’s Logics of Catuṣkoṭi : Comparing Prasaṅga with Hegel’s Dialectics,1,김태수,서울대학교
김태수,ART002298928,2017,불교학리뷰,불교학,四句解釋에 관한 元曉 和諍論法의 특성: 들뢰즈의 새로운 변증법과의 대비를 중심으로,1,김태수,서울대학교
김태수,ART002430479,2018,동아시아불교문화,지역불교및불교사연구,『涅槃宗要』 <三事門>의 불일불이(不一不異) 화쟁론: 체상․총별․법신 유․무색론(法身有無色論)에 대한 원효의 논의를 중심으로,1,김태수,서울대학교
김태수,ART002390544,2018,동아시아불교문화,지역불교및불교사연구,제법실상(諸法實相)에 대한 원효의 화쟁방식,1,김태수,서울대학교
김태수,ART002394555,2018,원불교사상과 종교문화,원불교학,원효의『 本業經疏』에 나타난 이제 중도설의 구조와 특성- 「佛母品」을 중심으로-,1,김태수,서울대학교
김태수,ART002397996,2018,인문논총,기타인문학,원효의 부정방식에 나타난 불교 논리학적 특성: 명사부정과 타자부정(anyāpoha)을 중심으로,1,김태수,서울대학교
김태수,ART002402183,2018,가톨릭철학,철학,『金剛三昧經論』의 불가사의 실제(實際) 해석에서 나타나는 의미순환론,1,김태수,서울대학교
김태수,ART002402472,2018,철학논총,철학,『十門和諍論』에 나타난‘불성 유・무(佛性有無)’에 대한 논의 연구,1,김태수,서울대학교
김태수,ART002654380,2019,불교철학,한국불교철학,티벳 불교학파들의 유식에 대한 견해,1,김태수,서울대학교 인문학연구원
김태수,ART002571576,2020,불교학연구,불교학,『十門和諍論』 <공유화쟁문>에 나타난 화쟁논법의 특성: 이제･삼성･불가언설과 관련한 비유비무 중도관을 중심으로,1,김태수,서울대학교 철학사상연구소
김태수,ART003045867,2023,인문과 예술,기타인문학,‘변화(變化)’와 ‘장(場)’을 통해 본 윤리 도덕 개념의 변천과 현대적 의미: 규범윤리학의 주요 이론을 중심으로,2,김덕삼;김태수,서울대학교 철학사상연구소
김태수,ART003164774,2024,인문과 예술,기타인문학,초연결사회의 지성사적 조망: 근대시민사회와 초연결사회 관련 문제를 중심으로,2,김태수;김덕삼,서울대학교 철학사상연구소
김태수,ART003243990,2025,동아시아불교문화,지역불교및불교사연구,길장·원효·지의의 사구논법과 제법실상 해석 비교 연구,1,김태수,서울대학교 규장각한국학연구원
김태수,ART003245852,2025,불교학연구,불교학,원효의 상위비량을 통한 법상유식 무성론 비판 연구 －규기의 무성유정 인명논증을 중심으로－,1,김태수,서울대학교 규장각한국학연구원
김태수,ART003223176,2025,동아시아고대학,기타인문학,다카하시 도오루(高橋亨)의 사단칠정론 및 장지연과의 논쟁 논평 -주리․주기파 도식의 한계와 조선 성리학의 독자성-,1,김태수,서울대학교 규장각한국학연구원
김태수,ART003224134,2025,불교학밀교학연구,불교학,지눌 성적등지문(惺寂等持門)에 나타나는 정혜(定慧)수행의 성격: 초기불교 지관(止觀)수행과의 유사성 문제,1,김태수,서울대학교
김태수,ART003285891,2025,禪文化硏究,기타불교학,원효 화쟁론의 생성존재론적 특성과 현대 차이철학,1,김태수,서울대학교
김태수,ART003335853,2026,무형문화연구,예술인류학및민속예능,"현대 서구 언어철학과 불교 언설·불가설 논의의 비교철학적 고찰 -비트겐슈타인, 드레이퍼스-맥도웰 논의를 중심으로-",1,김태수,서울대학교
김태수,ART003327210,2026,원불교사상과 종교문화,원불교학,셀러스의 ‘주어진 것의 신화’와 불교 인식론의 불가설 문제: 비교철학적 검토,1,김태수,서울대학교 규장각한국학연구원
김한상,ART001830611,2013,인도철학,철학,초기 상좌부 불교의 식문화 고찰,1,김한상,동국대학교
김한상,ART001850047,2014,보조사상,종교학,"상좌부의 삼상(三相, ti-lakkhaṇa)과 대승의 법인(法印, dharma-uddāna)에 대한 비교연구",1,김한상,동국대학교
김한상,ART001944380,2014,불교학연구,불교학,테라와다 불교의 재가 아라한 연구 -『까타왓투』와 『밀린다빤하』에 기록된 논쟁들을 중심으로,1,김한상,동국대학교
김한상,ART001901009,2014,보조사상,종교학,테라와다(Theravāda)의 관점에서 본 공업(共業): 니까야와 아비담마를 중심으로,1,김한상,동국대학교
김한상,ART001901907,2014,불교학보,기타불교학,싱할라 불교 민족주의에 대한 비판적 고찰: 『마하왐사(Mahāvaṃsa)』의 역사적 사건들을 중심으로,1,김한상,동국대학교
김한상,ART001977174,2015,불교학연구,불교학,테라와다 불교의 관점에서 본 매춘,1,김한상,동국대학교
김한상,ART001985011,2015,불교학보,기타불교학,테라와다 불교에서 붓다와짜나의 성문화 과정 : 마하빠데사와 관련하여,1,김한상,동국대학교
김한상,ART002306394,2015,불교학연구,불교학,빨리 조문 불음주계에 대한 재고: 그 어원학적 분석과 계의 두 가지 측면들을 중심으로 가지 측면들을 중심으로,1,김한상,동국대학교
김한상,ART001961639,2015,보조사상,종교학,구원론적 관점에서 본 테라와다 불교의 효,1,김한상,동국대학교
김한상,ART002008027,2015,불교학연구,불교학,빨리 조문 불음주계에 대한 재고:그 어원학적 분석과 계의 두 가지 측면들을 중심으로,1,김한상,동국대학교
김한상,ART002072657,2015,禪文化硏究,기타불교학,스리랑카 불교 영웅 둣타가마니 왕의 무용담에 대한 문헌학적 접근 - 테라와다 불교에서 성전은 용인되는가? -,1,김한상,동국대학교
김한상,ART002149762,2016,불교학연구,불교학,두 가지 언어로 표현된 초기 불교의 열반,1,김한상,동국대학교
김한상,ART002155561,2016,동아시아불교문화,지역불교및불교사연구,득의 관점에서 바라본 설일체유부의 아라한 퇴보설,1,김한상,동국대학교
김한상,ART002127344,2016,한국불교학,종교학,스리랑카 빨리⋅불교학의 양대 거목말라라세케라와 자야틸레케의 학문과 방법,1,김한상,동국대학교
김한상,ART002096134,2016,불교학연구,불교학,구원론적 관점에서 본 불교미학: 빨리 성전과 그 주석서들을 중심으로,1,김한상,동국대학교
김한상,ART002308861,2017,2017년도 시리즈 연찬 학술대회_깨달음 논쟁 2,기타불교학,초기불교에서 재가자의 깨달음에 대한 재고,1,김한상,동국대학교
김한상,ART002295107,2017,불교학보,기타불교학,자아의 존재를 둘러싼 붓다와 왓차곳따 사이의 대론에 대한 고찰- 무기인가 선교방편인가?,1,김한상,동국대학교
김한상,ART002304966,2017,불교학연구,불교학,초기 불교적 관점에서 본 여성으로의 태어남과 업,1,김한상,동국대학교
김한상,ART002210099,2017,불교학보,기타불교학,스리랑카 승가에서 아란냐까 전통의 정통성과 연속성,1,김한상,동국대학교
김한상,ART002239196,2017,불교학보,기타불교학,스리랑카 불교의 역사에서 간타두라와 위빳사나두라에 대한 재조명,1,김한상,동국대학교
김한상,ART002321759,2018,남아시아연구,지역학,초기 불교의 식생활과 현대 사회의 웰빙– 요니소 마나시까라와 사띠·삼빠쟌나를 중심으로 -,1,김한상,동국대
김한상,ART002388529,2018,불교학연구,불교학,자기희생에 대한 초기 불교의 태도,1,김한상,한국외국어대학교
김한상,ART002360826,2018,불교학연구,불교학,빨리 불교에서 두 가지 유형의 박띠－인도의 종교적 전통과 관련하여,1,김한상,한국외국어대학교
김한상,ART002330920,2018,불교학연구,불교학,초기 불교에서 재가자의 깨달음에 대한 재고－깨달음의 세 가지 특성들과 관련하여,1,김한상,한국외국어대학교
김한상,ART002450707,2019,불교학보,기타불교학,스리랑카 비구니 승가 소멸에 대한 고찰,1,김한상,한국외국어대학교
김한상,ART002505311,2019,불교학보,기타불교학,초기 인도불교에서의 신통과 기적,1,김한상,한국외국어대학교
김한상,ART002477396,2019,불교학보,기타불교학,초기 인도불교의 고행: 느낌과 갈애 간의 조건적 관계를 중심으로,1,김한상,한국외국어대학교
김한상,ART002496275,2019,인도철학,철학,초기 인도불교에서의 제법무아와 열반,1,김한상,한국외국어대학교
김한상,ART002636023,2020,동아시아불교문화,지역불교및불교사연구,불교개혁운동과 숲속수행 전통:12세기 승가정화에서부터 두 개혁 종단의 설립까지,1,김한상,한국외국어대학교 인도연구소
김한상,ART002572104,2020,불교학보,기타불교학,스리랑카 보살왕 이념의 형성과 전개 - 대승불교 영향설에 대한 반론 -,1,김한상,한국외국어대학교 인도연구소
김한상,ART002782600,2021,보조사상,종교학,초기불교의 일체지에 대한 경험주의적 분석,1,김한상,동국대학교
김한상,ART002802871,2021,동아시아불교문화,지역불교및불교사연구,팬데믹과 불교- 코로나바이러스 감염증 시기의 자애와 연민의 함양 -,1,김한상,동국대학교
김한상,ART002859108,2022,동아시아불교문화,지역불교및불교사연구,유학과 무학의 관점을 통해서 본 두 가지 길 이론(TPT)- 꼬삼비 숫따와 쭌다 숫따와 수시마 숫따를 중심으로 -,1,김한상,동국대학교
김한상,ART002949849,2023,보조사상,종교학,초기 불교의 태교 사상,1,김한상,동국대학교 불교학술원
김한상,ART002985807,2023,보조사상,종교학,초기 불교에서 바라본 몸과 마음의 관계 - 일원론과 이원론 사이의 중도,1,김한상,동국대학교 불교학술원
김한상,ART003154914,2024,인도철학,철학,불교 수행에서 믿음의 역할과 중요성 - 초기불교 문헌과 장외문헌을 중심으로 -,1,김한상,능인대학원대학교
김한상,ART003118058,2024,남아시아연구,지역학,인도의 대전환과 인도학의 한국적 재해석,4,김찬완;김한상;이동원;구하원,능인대학원대학교
김한상,ART003245792,2025,불교학연구,불교학,역사적 붓다의 본성에 대한 재고찰 －초기 불교 문헌을 완성된 전체로 파악하는 접근법에 입각하여－,1,김한상,능인대학원대학교
김한상,ART003176911,2025,불교연구,불교학,열반의 초월성 이미지와 아라한의 윤리에 대한 고찰 - 뗏목의 비유를 중심으로 -,1,김한상,능인대학원대학교
김한상,ART003173388,2025,철학논총,철학,일부 학자들의 12연기설 해석에 대한 비판 - 무시간적ㆍ논리적 연기설을 중심으로 -,1,김한상,능인대학원대학교
김홍미,ART001320776,2009,인도철학,철학,상윳따 니까야 인연상응(Nidāna-Saṃyutta)의 연기 유형,1,김홍미,동국대학교
김홍미,ART001687660,2012,인도철학,철학,사성제와 연기법의 결합에 대하여_초기불전을 중심으로_,1,김홍미,동국대학교
김홍미,ART001830621,2013,인도철학,철학,선바라밀(dhyānapāramitā)의 예비단계_<대지도론>을 중심으로_,1,김홍미,동국대학교
김홍미,ART002029920,2013,불교학리뷰,불교학,<대지도론>의 선 바라밀,1,김홍미,동국대학교
김홍미,ART001862356,2014,불교학연구,불교학,고따마 붓다의 정각과 십이연기,1,김홍미,동국대학교
김홍미,ART002030250,2015,불교학보,기타불교학,『원각경』의 3가지 보살의 선정,1,김홍미,동국대학교
김홍미,ART002181565,2016,한국불교학,종교학,『승만경』 일승장에 대한 원효의 해설,1,김홍미,동국대학교
김홍미,ART002214456,2017,보조사상,종교학,初轉法輪의 南北傳 전승의 차이,1,김홍미,동국대학교
김홍미,ART002330924,2018,불교학연구,불교학,『원각경』의 25가지 보살의 선정,1,김홍미,동국대학교
김홍미,ART002729673,2021,불교학연구,불교학,왜 반야바라밀을 수습하는가?,1,김홍미,동국대학교
박금표,ART001679806,2012,남아시아연구,지역학,보세(S.C. Bose)의 간디-어윈 협정 비판에 대한 고찰,1,박금표,한국외국어대학교
박금표,ART001788065,2013,남아시아연구,지역학,사바르까르와 간디의 역사 인식,1,박금표,한국외국어대학교
박금표,ART001968761,2015,남아시아연구,지역학,힌두법안(Hindu Code Bill) 논쟁과 여성의 권리,1,박금표,한국외국어대학교
박금표,ART002065661,2015,인도철학,철학,벵골 신여성의 주체적 자각 양상,1,박금표,한국외국어대학교
박금표,ART002084170,2016,남아시아연구,지역학,인도 여성담론의 주체성과 신여성의 특성,1,박금표,한국외국어대학교
박금표,ART002108833,2016,인도연구,서남아시아,『마누법전』과 『여사서』를 통한 여성코드 읽기,1,박금표,한국외국어대학교
박금표,ART002252813,2017,인도철학,철학,사랄라 데비(Sarala Devi)의 비전과 여성운동,1,박금표,한국외국어대학교
박금표,ART002203624,2017,남아시아연구,지역학,사랄라 데비(Sarala Devi)의 딜레마 사례 연구: 신여성성과 민족의식,1,박금표,한국외국어대학교
박금표,ART002341763,2018,인도철학,철학,인도 신여성의 근대적 정체성: 간디와 사리(Sari),1,박금표,한국외국어대학교
박금표,ART002375529,2018,문화와융합,학제간연구,시따(Sita) 담론과 여성에 대한 인식 차이,1,박금표,한국외국어대학교
박금표,ART002461329,2019,인도철학,철학,간디의 단식이 인도 사회 통합에 미친 영향,1,박금표,한국외국어대학교
박금표,ART002650566,2020,문화와융합,학제간연구,인도 제헌의회 여성의원의 젠더 의식,1,박금표,한국외국어대학교
박금표,ART002741546,2021,문화와융합,학제간연구,인디라 간디의 아이콘과 젠더 의식,1,박금표,한국외국어대학교
박금표,ART002723148,2021,인문논총,기타인문학,까말라데비(Kamaladevi) 연구 — 도전적 젠더 의식과 간디와의 양가적 관계,1,박금표,한국외국어대학교
박금표,ART002749605,2021,문화와융합,학제간연구,인도 영화에 나타난 젠더 의식: 여성의 사회 문제를 중심으로,2,박금표;이동원,한국외국어대학교
박금표,ART002753780,2021,동아연구,지역학,인도 영화에 나타난 젠더 의식: 여성의 전기 영화를 중심으로,2,박금표;이동원,한국외국어대학교
박금표,ART003023848,2023,인문논총,기타인문학,인도-파키스탄 분단의 기억과 힌두 민족주의,2,박금표;이동원,한국외국어대학교
박인성,ART002951087,1995,인도철학,철학,쁘라산나빠다에 나타난 짠드라끼르띠의 現量論,1,박인성,동국대학교
박인성,ART000996429,2002,불교학보,기타불교학,『中論』「觀去來品」의 緣起性 硏究,1,박인성,동국대학교
박인성,ART002954646,2002,인도철학,철학,'존재하지 않음'의 유형과 적용,1,박인성,동국대학교
박인성,ART000942628,2004,한국불교학,종교학,『중변분별론』의 중도 개념,1,박인성,동국대학교
박인성,ART001320666,2009,불교학보,기타불교학,의식의 솔이심에 대한 규기의 해석,1,박인성,동국대학교
박인성,ART001404934,2009,불교학보,기타불교학,"사마타와 위빠사나의 길, 소통과 평화의 길",1,박인성,동국대학교
박인성,ART001475538,2010,불교학보,기타불교학,서구 근현대철학의 관점에서 본 불교철학의 두 수행방식 - 들뢰즈의 열반 이해에 기초해서-,1,박인성,동국대학교
박인성,ART001723984,2012,불교학보,기타불교학,규기의 상견동별종론에 관한 연구,1,박인성,동국대학교
박인성,ART001726599,2012,인도철학,철학,「삼장가타」에 대한 규기의 해석,1,박인성,동국대학교
박인성,ART001841274,2013,禪學(선학),응용불교학,5종변계에 대한 진제의 해석,1,박인성,동국대학교
박인성,ART001794474,2013,불교학보,기타불교학,『유식분량결』 「삼량분별문」의 분석 - 『사분의극략사기』에 의탁하며-,1,박인성,동국대학교
박인성,ART001827547,2013,불교학보,기타불교학,『사분의극략사기(四分義極略私記)』 「행상이설문(行相異說門)」의 연구,1,박인성,동국대학교
박인성,ART001830631,2013,인도철학,철학,행상(行相)에 대한 규기의 해석,1,박인성,동국대학교
박인성,ART001938487,2014,불교학보,기타불교학,『사분의극략사기(四分義極略私記)』 「입분부동문(立分不同門)」의 연구(2),1,박인성,동국대학교
박인성,ART001914449,2014,불교학연구,불교학,『유식분량결』 「사분상연문」의 연구 ―『사분의극략사기』 「사분상연문」에 의탁해서,1,박인성,동국대학교
박인성,ART001871710,2014,불교학보,기타불교학,『사분의극략사기(四分義極略私記)』 「입분부동문(立分不同門)」의 연구,1,박인성,동국대학교
박인성,ART001895763,2014,禪文化硏究,기타불교학,『사분의극략사기(四分義極略私記)』 능연소연문(能緣所緣門)의 연구,1,박인성,동국대학교
박인성,ART002064738,2015,불교학보,기타불교학,변행심소 촉에 대한 후카우라 세이분의 해석,1,박인성,동국대학교
박인성,ART002065975,2015,불교학연구,불교학,변행심소 촉(觸)에 대한 규기의 해석,1,박인성,동국대학교
박인성,ART002239198,2017,불교학보,기타불교학,들뢰즈와 <무문관>의 화두들,1,박인성,동국대학교
박인성,ART002494287,2019,禪學(선학),응용불교학,『종용록』 제10칙 「대산파자(臺山婆子)」의 분석,1,박인성,동국대학교
박인성,ART002511353,2019,동아시아불교문화,지역불교및불교사연구,『벽암록』 「지도무난(至道無難)」 공안의 분석,1,박인성,동국대학교
박인성,ART002619528,2020,禪學(선학),응용불교학,『벽암록』 제63칙 남전참묘(南泉斬猫)와 제64칙 조주재혜(趙州載鞋)의 분석,1,박인성,동국대학교
박창환,ART001370978,2009,인도철학,철학,法稱(Dharmakīrti)의 감각지각(indriyapratyakṣa)론은 과연 經量部적인가? __上座 슈리라타(Ṡrīlāta)의 감각지각 불신론과 이에 대한 世親의 절충론을 통해 본 경량부 前5識說의 전개 과정__,1,박창환,금강대학교
박창환,ART002031012,2010,불교학리뷰,불교학,구사논주 세친의 극미(paramāṇu) 실체론 비판과 그 인식론적 함의,1,박창환,금강대학교
박창환,ART001580488,2011,인도철학,철학,구사론주(kośakāra) 세친(Vasubandhu)과 『능가경』(Laṅkāvatārasūtra),1,박창환,금강대학교
박창환,ART002906830,2012,불교와 사회(구 불교사상과 문화),기타불교학,구사론주(ko^akara) 세친(Va乳ibandhu) 의 번뇌론 - 『구 사 론 』 5 장 r 수 면 품 j k . 5-1 의 경 량 부 번뇌 종 자 설 을 중 심 으 로 -,1,박창환,금강대학교
박창환,ART001837104,2013,한국불교학,종교학,한국 부파ㆍ아비달마 불교학의 연구성과와 과제,1,박창환,금강대학교
박창환,ART001788088,2013,동아시아불교문화,지역불교및불교사연구,구사론주(kośakāra) 세친(Vasubandhu)의 현상주의적 언어철학,1,박창환,금강대학교
박창환,ART001862362,2014,불교학연구,불교학,구사론주 세친(Vasubandhu) 緣起觀의 연속과 불연속―『구사론』(AKBh )과『 연기경석』(PSVy )에 있어 ‘行緣識’ (saṃskārapratyatyaṃ vijñānam) 해석의 차이를 중심으로,1,박창환,금강대학교
박청환,ART001036738,2006,불교학연구,불교학,테라바다(Theravada)의 붓다관 (1)--Pubbkammapiloti를 중심으로,1,박청환,중앙승가대학교
박청환,ART001024478,2006,인도철학,철학,『根本說一切有部毘奈耶雜事』의 勝鬘(Mallikā) 이야기를 통해 본 여성의 이미지 분석,1,박청환,중앙승가대학교
박청환,ART001424084,2010,인도철학,철학,根本說一切有部毘奈耶의 내러티브 고찰⑴_붓다가 말먹이용 보리를 먹은 사연을 중심으로,1,박청환,중앙승가대학교
박청환,ART001658551,2012,인도철학,철학,석가족 몰살의 내러티브 고찰 : 根本說一切有部毘奈耶雜事를 중심으로,1,박청환,중앙승가대학교
박청환,ART001871426,2014,인도철학,철학,아빠랄라 나가(Apalāla nāga) 이야기를 통해 본 불교 내러티브 연구,1,박청환,중앙승가대학교
박청환,ART002022158,2015,인도철학,철학,Buddhist Meditation as Seen in the Pūrṇāvadāna,1,박청환,중앙승가대학교
박청환,ART002030245,2015,불교학보,기타불교학,근본설일체유부 내러티브의 표현양식 고찰 - 『근본설일체유부비나야약사』 제5권을 중심으로 -,1,박청환,동국대학교
박청환,ART002036265,2015,한국불교학,종교학,『根本說一切有部毘奈耶藥事』의내러티브 고찰 (Ⅱ) - 붓다가 말먹이용 보리를 먹은 사연을 중심으로 -,1,박청환,중앙승가대학교
박청환,ART002244580,2017,동아시아불교문화,지역불교및불교사연구,초기불교 내러티브의 여성에 대한 부정관(asubhabhāvanā) 유형 연구,1,박청환,중앙승가대학교
박청환,ART002335498,2018,보조사상,종교학,에띠엔 라모뜨의 『대지도론』 번역과 주석에 대한 소고 - 제1권 1장을 중심으로 -,1,박청환,동국대학교
박청환,ART002376740,2018,인도철학,철학,에띠엔 라모뜨의 『대지도론』 번역과 주석에 대한 소고 (II)__제1권 2장과 3장을 중심으로__,1,박청환,동국대학교
박청환,ART002390540,2018,동아시아불교문화,지역불교및불교사연구,에띠엔 라모뜨의 『대지도론』 번역과 주석에 대한 소고 (Ⅲ) - 제1권 4장과 5장을 중심으로 -,1,박청환,동국대학교
박청환,ART002410211,2018,보조사상,종교학,A New Look at Zhī Qiān’s Translation of the Aṣṭādaśasāhasrikā-prajñāpāramitā,3,한재희;이혜빈;박청환,동국대학교
박청환,ART002456133,2019,보조사상,종교학,「마깐디까아바다나(Mākandikāvadāna)」의 내러티브 연구,1,박청환,동국대학교
박청환,ART002530882,2019,보조사상,종교학,「루빠와띠아바다나(Rūpāvatī-avadāna)」의 내러티브 연구,1,박청환,동국대학교
박청환,ART002613103,2020,보조사상,종교학,초기 『열반경』의 국가 공동체 유지를 위한 일곱 가지 불퇴법(不退法) 연구,2,차창용;박청환,동국대학교
박청환,ART002899657,2022,불교학보,기타불교학,붓다의 질문에 관한 연구 - 빨리어본 니까야를 중심으로,2,이복희;박청환,동국대학교
박청환,ART003189479,2025,불교학보,기타불교학,불전문학 속에서의 해난(海難)과 구원(救援) - 자따까(Jātaka)와 아바다나(Avadāna)를 중심으로,1,박청환,정덕)(동국대학교
박효엽,ART001157997,2004,동서철학연구,철학,‘언증’이라는 지식수단의 타당성을 위한 조건들,1,박효엽,경북대학교
박효엽,ART001172672,2004,인도철학,철학,샹까라와 수레쉬와라에 있어서 '연속과 불연속의 방법'(anvayavyatireka-nyaaya),1,박효엽,경북대학교
박효엽,ART000978039,2005,동서철학연구,철학,Vednta-sra에서 상크야-요가의 영향과 아드와이따 베단따 전통의 고수,1,박효엽,경북대학교
박효엽,ART001131531,2005,철학연구,철학,샹까라의 인과 이론:'무지에 의한 브라흐만 가현설',1,박효엽,경북대학교
박효엽,ART001009970,2006,철학연구,철학,"V？kya-v？tti에 대한 역주, 그리고 대문구 해석의 방법들",1,박효엽,경북대학교
박효엽,ART001049454,2007,동서철학연구,철학,"샹까라의 불교 비판의 목적, 방법 그리고 중요성",1,박효엽,경북대학교
박효엽,ART001077210,2007,인도철학,철학,가상현실에 대한 참된 인식과 가상적 욕망의 해소_아드와이따 베단따의 모형,1,박효엽,경북대학교
박효엽,ART001223979,2008,인도철학,철학,『파피용』과 힌두철학_ ‘고통의 반복과 그 탈출’에 관한 전략 읽기,1,박효엽,경북대학교
박효엽,ART001401820,2009,동서철학연구,철학,아드와이따 베단따의 성전 해석과 논증,1,박효엽,경북대학교
박효엽,ART001371013,2009,인도철학,철학,『바가와드 기따』에 나타난 끄르슈나의 논증과 그 평가,1,박효엽,경북대학교
박효엽,ART001496396,2010,철학연구,철학,베단따의 ‘듣기·숙고하기·명상하기’(문·사·수)에 관하여,1,박효엽,경북대학교
박효엽,ART001511048,2010,인도철학,철학,샹까라에서 덧놓음(가탁)의 의미와 의의,1,박효엽,경북대학교
박효엽,ART001447621,2010,철학연구,철학,『브라흐마 수뜨라 주석』에서 논증의 유형과 함의,1,박효엽,경북대학교
박효엽,ART001481691,2010,동서철학연구,철학,[브라흐마 수뜨라 주석]에 나타난 오류 논증,1,박효엽,경북대학교
박효엽,ART001580441,2011,인도철학,철학,"샹까라에서 자아와 타자, 그리고 경계의 신",1,박효엽,경북대학교
박효엽,ART001663975,2012,철학연구,철학,『브라흐마 수뜨라 주석』의 주석 전략에 나타난 상캬 이해,1,박효엽,경북대학교
박효엽,ART001726596,2012,인도철학,철학,브라흐마 수뜨라 주석과 논증의 인도적인 고유성,1,박효엽,경북대학교
박효엽,ART001658531,2012,인도철학,철학,브라흐마 수뜨라 주석 2.1.3에 나타난 샹까라의 요가 이해,1,박효엽,경북대학교
박효엽,ART001771160,2013,철학연구,철학,아드와이따 베단따의 자아정체성 귀환과 사라진 타자의 이야기,1,박효엽,경북대학교
박효엽,ART001801200,2013,인도철학,철학,아드와이따 베단따의 ‘보기’ 망각에 관하여,1,박효엽,경북대학교
박효엽,ART001802516,2013,종교연구,종교학,아드와이따 베단따의 죽음 이해,1,박효엽,경북대학교
박효엽,ART001911162,2014,인도철학,철학,아드와이따 베단따의 가상 담론: 기만에서 유희로,1,박효엽,경북대학교
박효엽,ART001878047,2014,철학연구,철학,아드와이따 베단따와 인간의 목표,1,박효엽,경북대학교
박효엽,ART002057891,2015,종교연구,종교학,요가생태학은 어떻게 가능한가 - 그 현실적이고 구체적인 전망을 향한 시론 -,1,박효엽,경북대학교
박효엽,ART001968799,2015,남아시아연구,지역학,"브리하다란야까 우빠니샤드 3.5.1의 세 단계에 대한 해명: ‘학식, 위력, 명상’인가, ‘학자다움, 아이다움, 현인다움’인가?",1,박효엽,경북대학교
박효엽,ART002048605,2015,인도연구,서남아시아,빤짜꼬샤 이론의 베단따 기원에 관하여,1,박효엽,경북대학교
박효엽,ART002022050,2015,인도철학,철학,샹까라의 인중유과론(因中有果論)에 대한 한 해석,1,박효엽,경북대학교
박효엽,ART002182068,2016,인도철학,철학,대론(對論)의 메커니즘: 『브라흐마 수뜨라 주석』의 경우,1,박효엽,경북대학교
박효엽,ART002225402,2017,인도연구,서남아시아,우빠니샤드의 이야기에 대한 다양한 읽기의 가능성: 나찌께따스 이야기의 사례,1,박효엽,경북대학교
박효엽,ART002220277,2017,인도철학,철학,‘우빠니샤드’라는 말의 의미와 샹까라의 풀이,1,박효엽,경북대학교
박효엽,ART002319598,2018,철학연구,철학,노년 철학에 관한 베단따의 전망,1,박효엽,경북대학교
박효엽,ART002336296,2018,동아시아불교문화,지역불교및불교사연구,『유식삼십송』의 가설(假說)과 『브라흐마 수뜨라 주석』 서문의 가탁(假託) 비교 - 샹까라에 미친 유식불교의 영향을 중심으로 -,1,박효엽,경북대학교
박효엽,ART002390464,2018,동서철학연구,철학,불교의 이제설과 관련되는 우빠니샤드의 논의,1,박효엽,경북대학교
박효엽,ART002541008,2019,인도철학,철학,힌두교도의 이중적 생태의식에 미친 아드바이따 베단따의 영향,1,박효엽,경북대학교
박효엽,ART002453539,2019,동아시아불교문화,지역불교및불교사연구,『브라흐마 수뜨라 주석』에서 ‘브라흐만’이라는 말의 일의적 사용과 그 이유,1,박효엽,경북대학교
박효엽,ART002618629,2020,인도철학,철학,샹까라의 체계에서 범아일여의 의미와 양상: 『브라흐마 수뜨라 주석』을 중심으로,1,박효엽,경북대학교
박효엽,ART002636038,2020,동아시아불교문화,지역불교및불교사연구,『바가바드 기따』의 요가:향내성과 향외성의 공존 또는 혼성,1,박효엽,경북대학교
박효엽,ART002796792,2021,인도철학,철학,‘따뜨 뜨밤 아시’(tat tvam asi)에 대한 두 가지 해석 방법과 범아일여의 숨은 논리,1,박효엽,부산대학교
박효엽,ART002747225,2021,철학연구,철학,요가의 종교성과 세속성 - 『바가바드 기따』의 사례와 함께 -,1,박효엽,부산대학교
박효엽,ART002870107,2022,인도철학,철학,우빠니샤드에 나타난 기능을 통한 인간 이해와 5기능의 중요성,1,박효엽,부산대학교
박효엽,ART002920464,2022,대동철학,철학,아디셰샤의  빠라마르타 사라 에 구현된 힌두교 사상의 제설혼합주의,1,박효엽,부산대학교
박효엽,ART002838608,2022,동아시아불교문화,지역불교및불교사연구,고전요가의 삼매 분류에 대한 재검토,1,박효엽,부산대학교
박효엽,ART002981055,2023,인도연구,서남아시아,"『바가바드 기따』의 내적 포기, 제3의 길, 그리고 제어의 라이프스타일: 행위(karma)와 포기(saṃnyāsa)의 대립을 중심으로",1,박효엽,부산대학교
박효엽,ART002995934,2023,동아시아불교문화,지역불교및불교사연구,인도(불교)철학은 어떻게 ‘철학’이 되어가는가- 영성과 합리성의 이분법을 중심으로 -,1,박효엽,부산대학교
박효엽,ART003136464,2024,동아시아불교문화,지역불교및불교사연구,극초기 우빠니샤드의 loka(세상)와 심리공간적 이원론- 인도철학이 현실적 위기에 무관심하게 된 기원을 찾아 -,1,박효엽,부산대학교
박효엽,ART003084987,2024,철학연구,철학,인도철학에서 메조코즘(mesocosm) 연구의 현재와 전망 - 브라흐마나를 계승한 우빠니샤드를 중심으로 -,1,박효엽,부산대학교 철학과
박효엽,ART003267955,2025,철학연구,철학,현대요가와 새로운 영성,1,박효엽,부산대학교
박희언,ART003293734,2025,인도철학,철학,후기 인도밀교의 제4관정(第四灌頂) 고찰: 아티샤의 관정론에 드러난 이제쌍입(二諦雙入)과 이타행(利他行)을 중심으로,1,박희언,서울대 학부대학 연수연구원
박희언,ART003241324,2025,인도철학,철학,"밀교의 티베트 전래, 현밀 갈등과 그 대응:『보리도등론』의 교의적 특징과 문제점 고찰",1,박희언,서울대학교
변순미,ART000996302,2005,인도철학,철학,불정존승다라니경의 의미 해석__ 망월사 진언집의 실담범자를 중심으로,1,변순미,장경도량고려대장경연구소
변순미,ART001056246,2007,인도철학,철학,범어 漢譯에서 다라니 음역의 특수성,1,변순미,장경도량고려대장경연구소
변순미,ART001687661,2012,인도철학,철학,힌두교와 불교에서 방위와 수호신의 관계 비교,1,변순미,동국대학교
변순미,ART002348725,2015,요가학연구,인도철학,남인도 요가수행의 전통-쉬바아난다요가 베단타 아슈람을 중심으로-,1,변순미,동국대학교
변순미,ART002658784,2020,불교문예연구,불교학,불교수행의 신체 치료적 적용-신념처 중심으로,1,변순미,동국대학교
변순미,ART002896884,2021,무형문화연구,예술인류학및민속예능,힌두교 의례 - 쉬바난다 요가 아슈람의 일일 예배 의식을 중심으로 -,1,변순미,동국대학교
상연진,ART002720790,2021,아시아연구,지역학,힌두 민족주의의 무슬림 소외화: ‘신성한 소’ 보호와 반무슬림 감정의 연관성을 중심으로,1,상연진,한국외국어대학교 인도연구소
상연진,ART002796796,2021,인도철학,철학,소셜미디어에서 나타나는 사이버 힌두뜨바 활동 양상과 그 영향,2,상연진;김민영,한국외국어대학교 인도연구소
상연진,ART002867361,2022,불교연구,불교학,신불교운동의 현황과 종교적 한계,2,최지연;상연진,한국외국어대학교 인도연구소
상연진,ART002870370,2022,인도철학,철학,하층 카스트에 대한 상층 카스트의 인식__할당제 반대 논의를 중심으로__,2,상연진;최지연,한국외국어대학교 인도연구소
상연진,ART003337601,2026,인도연구,서남아시아,고등교육을 받은 달리뜨 청년의사회이동 열망과 한계 인식— 우따르쁘라데쉬의 쁘라야그라즈 사례를 중심으로,1,상연진,한국외국어대학교 인도연구소
서종순,ART002951270,1996,인도철학,철학,Kashmir Śaivism의 Śakti론,1,서종순,원광디지털대학교
서종순,ART001389780,2009,남아시아연구,지역학,메타기하학의 에너지 존: 스리 얀뜨라(Śrī Yantra)의 상징 연구,1,서종순,원광디지털대학교
서종순,ART001426926,2010,남아시아연구,지역학,인도종교의 제 3의 눈 상징연구,1,서종순,원광디지털대학교
서종순,ART001580434,2011,인도철학,철학,홀리스틱 치료 간디 라마나마 연구,1,서종순,원광디지털대학교
신성현,ART000995807,2003,불교학보,기타불교학,圓光의 世俗五戒에 대한 再考,1,신성현,동국대학교
신성현,ART000942633,2004,한국불교학,종교학,생물종 다양성의 위기와 불교의 불살생계,1,신성현,동국대학교
신성현,ART000970331,2005,불교학보,기타불교학,동물해방과 불살생,1,신성현,동국대학교
신성현,ART001056244,2007,인도철학,철학,초기불교 상가에서 화상과 제자의 관계,1,신성현,동국대학교
신성현,ART001403033,2009,종교교육학연구,종교학,Buddhist Ethical Discussion on Euthanasia,1,신성현,동국대학교
신성현,ART001421828,2010,불교학보,기타불교학,菩薩戒의 전개와 발전에 대한 一考 -10善戒에서 10重48輕戒까지-,1,신성현,동국대학교
신성현,ART001421092,2010,보조사상,종교학,보살계의 성립에 대한 재고,1,신성현,동국대학교
신성현,ART001549228,2011,인도철학,철학,초기불교 교단의 食에 대하여,1,신성현,동국대학교
신성현,ART001615574,2011,禪學(선학),응용불교학,금오태전의 계율관 一考,1,신성현,동국대학교
신성현,ART001615930,2011,한국불교학,종교학,초기불교 승가의 가사에 대한 일고,1,신성현,동국대학교
신성현,ART001620697,2011,한국교수불자연합학회지,응용불교학,승가갈마를 통해 본 재가와 출가의 관계,1,신성현,동국대학교
신성현,ART001618831,2011,인도철학,철학,암 진단을 받은 생존불자의 삶의 질과 사회적 지지에 대한 연구 : 불교사회복지적 관점에서 본 삶의 질 향상방안을 중심으로,3,김학주;임정원;신성현,동국대학교
신성현,ART001688394,2012,禪學(선학),응용불교학,佛敎 和合僧의 실현에 대한 一考 - 의식주의 공평한 분배를 중심으로,1,신성현,동국대학교
신성현,ART001798326,2013,한국불교학,종교학,초기불교 교단의 주처에 관한 一考,1,신성현,동국대학교
신성현,ART001837284,2013,한국불교학,종교학,한국불교 계율학의 연구성과와 전망,2,신성현;하춘생,동국대학교
신성현,ART001895767,2014,禪文化硏究,기타불교학,승가 차법의 한국 사회에서의 몇 가지 문제점,2,박정호;신성현,동국대학교
신성현,ART001871729,2014,불교학보,기타불교학,징벌갈마 절차에서 自白의 意義 - 기독교 종교재판 및 형사법 절차와 비교를 통하여 -,2,조법훈;신성현,동국대학교
신성현,ART001890876,2014,한국불교학,종교학,아라미까와 승가의 지주화에 대한 一考,2,박영미;신성현,동국대학교
신성현,ART002072690,2015,禪文化硏究,기타불교학,동아시아 계율 이해 연구,1,신성현,동국대학교
신성현,ART002276883,2017,동양한문학연구,한국어와문학,"僧肇의 佛·儒·道家의 連繫 認識과 淨土論에 대한 일고찰 -승조 選 『注維摩詰經』, 「佛國品」의 註解 分釋을 중심으로-",2,장병한;신성현,동국대학교
신성현,ART002407306,2018,한국불교학,종교학,律藏에 나타난 藥이 되는 飮⻝,2,한수진;신성현,동국대학교
신성현,ART002487234,2019,禪文化硏究,기타불교학,"""홍명집(弘明集)""과 ""광홍명집(廣弘明集)""에 보이는 불식육계(不食肉戒) 논쟁",2,한수진;신성현,동국대학교
신성현,ART002664534,2020,한국교수불자연합학회지,응용불교학,신라시대 불국사상의 교학적 이해연구,2,강심흔;신성현,동국대학교
신성현,ART002795707,2021,禪學(선학),응용불교학,소리의 불교 존재론적 해석,2,이태영;신성현,동국대학교
신성현,ART002749180,2021,문화와융합,학제간연구,불교 효(孝) 사상의 현대적 수용방안,2,정일연;신성현,동국대학교
신성현,ART002907763,2022,정토학연구(淨土學硏究),정토학,『대보적경』 「우바리회」에 나타난 성문승과 보살승의 지계 차이,2,전민지;신성현,동국대학교
신성현,ART002849414,2022,정토학연구(淨土學硏究),정토학,백용성·김희조·홍원기의 찬불가 선율분석,2,박천지;신성현,동국대학교
신성현,ART002989543,2023,한국교수불자연합학회지,응용불교학,현대사회의 갈등과 불교의 은(恩),2,한명희;신성현,동국대학교
신성현,ART003115207,2024,한국교수불자연합학회지,응용불교학,『지장경』의 業海와 中有 관계에 대한 일고찰,2,강경중;신성현,동국대학교
안성두,ART002954537,2002,인도철학,철학,瑜伽行派에 있어 見道 (darśana-mārga)說 (1),1,안성두,서울대학교
안성두,ART002950987,2003,인도철학,철학,埼伽師抽論에 있어 ‘128종 隨眠(anuśaya) ’說의 칭립과 그 특징,1,안성두,서울대학교
안성두,ART000961998,2004,보조사상,종교학,瑜伽行派의 見道(darśana-mārga)설(Ⅱ)- 9심 찰나의 견도설과 止觀 -,1,안성두,서울대학교
안성두,ART001172674,2005,인도철학,철학,티베트 불교에서의 여래장 해석__ 自空說과 他空說의 차이를 중심으로,1,안성두,서울대학교
안성두,ART001172677,2005,인도철학,철학,유식문헌에서의 三性說의 유형과 그 해석,1,안성두,서울대학교
안성두,ART001172791,2006,인도철학,철학,보살윤리의 성격과 그 기준 -『보살지』를 중심으로,1,안성두,서울대학교
안성두,ART001077213,2007,인도철학,철학,인도불교 초기 유식문헌에서의 언어와 실재와의 관계_瑜伽師地論의 三性과 五事를 중심으로,1,안성두,금강대학교 불교문화연구소
안성두,ART001273069,2008,인도철학,철학,울너사본의 현황조사와 샘플링 작업,1,안성두,서울대학교
안성두,ART001371039,2009,인도철학,철학,圓測 『해심밀경소』 티벳역의 성격과 의의 __「일체법상품」을 중심으로__,1,안성두,서울대학교
안성두,ART001447549,2010,철학사상,철학,불교에서 욕망과 자아의식,1,안성두,서울대학교
안성두,ART001434324,2010,한국불교학,종교학,진화론과 불교사상의 접점 -『이기적 유전자』와 업종자를 중심으로-,1,안성두,서울대학교
안성두,ART001580467,2011,인도철학,철학,불교에서 업의 결정성과 지각작용,1,안성두,서울대학교
안성두,ART001583522,2011,불교연구,불교학,원측의 『해심밀경소』에 나타난 알라야식의 해석과 그 특색,1,안성두,서울대학교
안성두,ART002029995,2012,불교학리뷰,불교학,불가언설성과 교법: 궁극적인 것에대한 유식학의 접근방식과 붓다의 태도,1,안성두,서울대학교
안성두,ART001911164,2014,인도철학,철학,眞諦의『三無性論』에 나타난 삼성설 해석의 특색 _인도유식문헌과 관련하여 (I)_,1,안성두,서울대학교
안성두,ART001946204,2014,인도철학,철학,<삼무성론>에 나타난 진제의 삼성설 해석의 특징 (II) ＿유식문헌의 인용과 그 해석상의 차이를 중심으로＿,1,안성두,서울대학교
안성두,ART002022080,2015,인도철학,철학,『해심밀경』에 나타난 3성설의 해석과 후대 인도-티벳 전통에 끼친 영향,1,안성두,서울대학교
안성두,ART001963944,2015,불교연구,불교학,眞諦의 삼성설 해석과 阿摩羅識,1,안성두,서울대학교
안성두,ART002104118,2016,인도철학,철학,보성론 I.154-155의 공성 해석과 관련된 몇 가지 문제들,1,안성두,서울대학교
안성두,ART002137241,2016,철학사상,철학,유식(vijñaptimātra)에 대한 관념론적 해석 비판 – 분별과 진여 개념을 중심으로,1,안성두,서울대학교
안성두,ART002234465,2017,불교학리뷰,불교학,Some Citations and Similes Common in the Ratnagotravibhāga and the Yogācāra Texts,1,안성두,서울대학교
안성두,ART002251681,2017,불교연구,불교학,원효의 『二障義』 <顯了門>에 나타난 해석상의 특징,1,안성두,서울대학교
안성두,ART002299205,2017,인도철학,철학,The Concept of Śamatha and Vipaśyanā in Yogācārabhūmi with special reference to Śamatha-vipaśyanā-yuganaddha-vahin,1,안성두,서울대학교
안성두,ART002430699,2018,2018년도 불교학연구회 추계학술대회,기타불교학,유식학의 법무아 해석과 여래장 사상,1,안성두,서울대학교
안성두,ART002341758,2018,인도철학,철학,식의 자기인식(Self-awareness)과 삼성설,1,안성두,서울대학교
안성두,ART002498942,2019,불교연구,불교학,진제의 {十八空論}에 나타난 공성의 분류의 특징,1,안성두,서울대학교
안성두,ART002496260,2019,인도철학,철학,유식학의 법무아 해석과 그 증득 방법,1,안성두,서울대학교
안성두,ART002689289,2021,불교연구,불교학,유식과 여래장 사상의 융합 -眞諦(499-569)의 여래장 해석과 티벳불교의 他空說을 중심으로-,1,안성두,서울대학교
안성두,ART002986112,2022,한마음연구,불교학,대승불교에서 육식부정의 논변과 그 근거: 슈미트하우젠의 논의를 중심으로,1,안성두,서울대학교
안성두,ART002988961,2023,불교연구,불교학,불교에서 언어에 의한 대상세계 구성의 문제: 유식사상에 나타난 언어적 전회,1,안성두,서울대학교
안성두,ART003111878,2024,한마음연구,불교학,유가행파의 지관쌍운 개념 재고,1,안성두,서울대학교
안양규,ART001414270,2000,종교와 문화,기타종교학,논문 / 붓다의 신격화와 반신격화 - 그의 수명과 수명 연장 능력에 관한 이견을 중심으로 -,1,안양규,동국대학교
안양규,ART002951605,2000,인도철학,철학,붓다의 般涅槃(parinibbāna)에 관한 고찰,1,안양규,동국대학교
안양규,ART002951621,2001,인도철학,철학,붓다의 입멸 과정과 그 해석: 說一切有部를 중심으로,1,안양규,동국대학교
안양규,ART001414284,2001,종교와 문화,기타종교학,논문 : 인도 및 동남아 불교의 이상인간,1,안양규,동국대학교
안양규,ART001414303,2002,종교와 문화,기타종교학,"논문 : 붓다의 입멸 자세 , 장소 , 그리고 최후의 가르침",1,안양규,동국대학교
안양규,ART000995808,2003,불교학보,기타불교학,創造主 브라흐마(Brahma) 神에 대한 붓다의 批判,1,안양규,동국대학교
안양규,ART000884372,2003,한국불교학,종교학,佛說과 非佛說의 구분: 불교 표준 경전의 시도,1,안양규,동국대학교
안양규,ART001157921,2004,한국불교학,종교학,붓다의 탄생 전설에 관한 고찰- 팔리어 문헌을 중심으로 -,1,안양규,동국대학교
안양규,ART000979921,2004,불교학보,기타불교학,베다 및 브라흐만교의 신화에 대한 붓다의 견해,1,안양규,동국대학교
안양규,ART000970933,2005,종교연구,종교학,궁극적 실재로서의 열반,1,안양규,동국대학교
안양규,ART000992343,2006,불교학보,기타불교학,붓다의 장례식,1,안양규,동국대학교
안양규,ART001086387,2007,보조사상,종교학,思考(thinking)의 逆機能(dysfunction)과 그 해결,1,안양규,동국대학교
안양규,ART001370196,2009,불교학보,기타불교학,"비파사나(vipassana) 명상이 심신치유(Psychosomatic Therapy)에 미치는 치유원리 - MBCT(Mindfulness-Based Cognitive Therapy, 비파사나 명상에 기초한 인지치료) 프로그램을 중심으로 -",1,안양규,동국대학교
안양규,ART001320686,2009,불교학보,기타불교학,붓다의 가르침과 아론 벡(Aaron Beck)의 인지치료(Cognitive Therapy)의 공통기반,1,안양규,동국대학교
안양규,ART001421091,2010,보조사상,종교학,‘출가 즉 불효’라는 유교의 비판에 대비한 붓다의 견해,1,안양규,동국대학교
안양규,ART001477429,2010,불교연구,불교학,마라(Māra)의 도전과 붓다의 대응,1,안양규,동국대학교
안양규,ART001548124,2011,불교학보,기타불교학,MBSR(Mindfulness-Based Stress Reduction)의 개발과 불교의 영향,1,안양규,동국대학교
안양규,ART001549233,2011,인도철학,철학,종교적 신념에 대한 엘리스(Ellis)의 비판과 붓다의 가르침,1,안양규,동국대학교
안양규,ART001690046,2012,불교학보,기타불교학,불교 교학에서 본 MBSR(Mindfulness-Based Stress Reduction; 명상에 기반을 둔 스트레스 완화)의 치유 원리,1,안양규,동국대학교
안양규,ART001687662,2012,인도철학,철학,사고(思考)에 대한 붓다와 알버트 엘리스(Albert Ellis)의 견해,1,안양규,동국대학교
안양규,ART001674024,2012,대각사상,불교학,붓다와 크리슈나무르티(Krishnamurti)의 철학적 공통기반,1,안양규,동국대학교(경주캠퍼스)
안양규,ART001837143,2013,한국불교학,종교학,인도불교사 및 남방불교사 연구의 역사와 현황-국내연구를 포함하여,1,안양규,동국대학교
안양규,ART001798293,2013,불교연구,불교학,불교 교학에서 본 MBCT(Mindfulness-Based Cognitive Therapy)의 치유 효과의 원리,1,안양규,동국대학교
안양규,ART001938528,2014,불교학보,기타불교학,"자기-자비(self-compassion)에서 본 MBCT (Mindfulness-Based Cognitive Therapy, 알아차림 명상에 기초한 인지치료)의 치유기제",1,안양규,동국대학교
안양규,ART001963942,2015,불교연구,불교학,마야 부인의 죽음에 관한 연구,1,안양규,동국대학교
안양규,ART002147099,2016,불교학보,기타불교학,초기불교의 자기사랑에 관한 고찰,1,안양규,동국대학교
안양규,ART002202147,2017,한국불교학,종교학,명상수련자의 촉각 주의력에 대한 실험적 연구,6,김성철;김진석;사공정규;안양규;강남옥;김지명,동국대학교
안양규,ART002517997,2019,불교학리뷰,불교학,승리와 축복의 게송(Jayamaṅgala gātha)에 관한 고찰,1,안양규,동국대학교
안양규,ART002745682,2021,대순사상논총,한국자생종교,신라승 김지장(金地藏)의 지장보살화(地藏菩薩化) 과정,1,안양규,동국대학교
안양규,ART002922552,2022,동아시아불교문화,지역불교및불교사연구,Asaṅga의 『금강경』 주석서에 나타난 니밋타(Nimitta)와 삼즈냐(Saṃjñā),2,전선혜;안양규,동국대학교
안양규,ART002958436,2023,동아시아불교문화,지역불교및불교사연구,재물(財物)에 대한 탐욕(貪欲)과 그 해결 - 4부 니까야(Nikāya)를 중심으로,2,이은경;안양규,동국대학교
안양규,ART002968375,2023,한국콘텐츠학회 논문지,학제간연구,식탐(食貪)과 그 해결에 관한 초기불교의 견해,2,이은경;안양규,동국대학교
안양규,ART003104766,2024,한국과 세계,학제간연구,자녀사별 부모를 위한 불교 상담 연구 : 끼사고따미(Kisāgotamī) 사례를 중심으로,2,양은순;안양규,동국대학교
안양규,ART003060502,2024,동아시아불교문화,지역불교및불교사연구,담마딘나(Dhammadinnā) 비구니와 케마(Khemā) 비구니의 설법에 관한 고찰,2,원지윤;안양규,동국대학교
안양규,ART003226513,2025,철학∙사상∙문화,기타인문학,붓다볼(싱잉볼) 명상-소리를 매개로 한 불교 수행법의 재조명-,2,김경숙;안양규,동국대학교
안양규,ART003297394,2025,원불교사상과 종교문화,원불교학,한국불교 기자영험담(祈子靈驗談)의 현대적 의의 -관세음보살 신앙과 토착 신앙의 습합을 중심으로-,2,조성호;안양규,동국대학교
안양규,ART003333010,2026,한국교수불자연합학회지,응용불교학,Saṃdhinirmocana의 nirmocana는 ‘해석(解釋)’인가 ‘해탈(解脫)’인가 ─원측의 ‘역가류(譯家謬)’ 판단에 대한 어원적 재검토─,2,정원준;안양규,동국대학교
안양규,ART003327207,2026,원불교사상과 종교문화,원불교학,한국불교 문수신앙의 대중적 확산의 한계에 대한 일고찰 -‘智慧加被’와 ‘自力信仰’의 구조적 분석-,2,김미영;안양규,동국대학교
엄혜용,ART002951620,2001,인도철학,철학,梵語에서의 性(gender)에 관한 개념: Mahābhāṣya를 중심으로,1,엄혜용,동국대학교
엄혜용,ART002954546,2002,인도철학,철학,Munitrayam(무니트라얌)에 관한 연구와 소개 _Pāṇini sūtra 2.3.23를 중심으로_,1,엄혜용,동국대학교
우동필,ART001637211,2012,한국불교학,종교학,M138경의 anupādā paritassanā 해석 문제,1,우동필,전남대학교
우동필,ART001723939,2012,불교학보,기타불교학,십이연기에서 오온,1,우동필,전남대학교
우동필,ART001895758,2014,禪文化硏究,기타불교학,『MN 9경』과『중아함 29경』에 나타난 무명과 누의 해석 문제,1,우동필,전남대학교
우동필,ART001953707,2014,한국불교학,종교학,십이연기 전개설 비판- 『DN 15경』을 중심으로 -,1,우동필,전남대학교
우동필,ART002035355,2015,불교학연구,불교학,역관(逆觀)의 십이연기－십이연기와 중도의 관계,1,우동필,전남대학교
우동필,ART002186279,2016,불교학연구,불교학,니까야로 본 중론의 십이연기 - 「관십이인연품」(觀十二因緣品)을 중심으로 -,1,우동필,전남대학교
우동필,ART002538628,2019,불교학연구,불교학,"염(念, sati)과 견(見, diṭṭhi)－지･관(止･觀, samatha･vipassanā) 구분의 기준에 대하여",1,우동필,전남대학교
우동필,ART002596360,2020,불교학연구,불교학,"태생학적 연기설 재검토－ Mahānidāna경, Mahātaṇhāsaṅkhaya경을 중심으로",1,우동필,전남대학교
우동필,ART002737611,2021,동아시아불교문화,지역불교및불교사연구,십이연기 존재 설명- 하이데거의 존재 비평과 함께 -,1,우동필,전남대학교
우동필,ART002859111,2022,동아시아불교문화,지역불교및불교사연구,삼계·출세간계에서 윤회와 무아- 업보를 중점으로 -,1,우동필,전남대학교
우동필,ART002914822,2022,인도철학,철학,초기불교와 인지­자연주의 윤리,1,우동필,전남대학교
우동필,ART003099907,2024,동아시아불교문화,지역불교및불교사연구,『니까야』를 통해 본 세친의 십이연기,1,우동필,전남대학교 철학연구교육센터
우동필,ART003296037,2025,동아시아불교문화,지역불교및불교사연구,사회적 고통의 진단틀로서 연기 - 초기불교 사회화 이론의 시론 -,1,우동필,전남대학교 호남불교문화연구소
우동필,ART003225277,2025,동아시아불교문화,지역불교및불교사연구,"사식(四食, catu-āhāra)의 인식론적 인지구조적 특성 - 영상 도식(Image Schema)과 비교하여 -",1,우동필,전남대학교 호남불교문화연구소
우동필,ART003197476,2025,인도철학,철학,찰나법연기의 자이나교 기원설,1,우동필,전남대학교 호남불교문화연구소
윤종갑,ART002951082,1994,인도철학,철학,中論에 나타난 龍樹의 緣起觀,1,윤종갑,부산대학교 철학과
윤종갑,ART000857772,2002,대동철학,철학,龍樹 緣起說의 存在論的 理解 ― 相依와 相生의 空[비움] ―,1,윤종갑,동아대학교
윤종갑,ART000857771,2002,대동철학,철학,？중론？과 가상현실의 형이상학,2,김유신;윤종갑,동아대학교
윤종갑,ART001177345,2004,한국민족문화,기타인문학,한국 고대불교의 생명관-신라불교를 중심으로-,1,윤종갑,동아대학교
윤종갑,ART000936683,2004,한국철학논집,한국철학일반,신라불교의 신체관과 영혼관 ­ 「삼국유사」와「삼국사기」를 중심으로,1,윤종갑,동아대학교
윤종갑,ART000881462,2004,동서철학연구,철학,지눌(知訥)의 중도(中道)의 공부론,1,윤종갑,동아대학교
윤종갑,ART000967046,2005,한국불교학,종교학,인간배아복제에 대한 불교적 관점,1,윤종갑,부산대학교
윤종갑,ART001013776,2006,동서철학연구,철학,공의 언어와 깨달음: 龍樹의 四句分別과 戱論寂滅을 중심으로,1,윤종갑,동아대학교
윤종갑,ART001190790,2006,범한철학,철학,緣起와 自性의 양립불가능성에 대한 龍樹의 입장,1,윤종갑,동아대학교
윤종갑,ART001142816,2006,대동철학,철학,龍樹의 中論에 나타난 緣起와 관련된 諸用語에 대한 검토,1,윤종갑,동아대학교
윤종갑,ART001386543,2009,철학논총,철학,한일불교와 생명문화의 전통: 생명윤리를 둘러싼 역사적ㆍ문화적 배경,1,윤종갑,부산대학교
윤종갑,ART001520689,2010,동양문화연구,기타인문학,원융무애의 사상적 근거와 대승적 전개,1,윤종갑,부산대학교
윤종갑,ART001440277,2010,철학논총,철학,불교의 생명관과 웰다잉,1,윤종갑,부산대학교
윤종갑,ART001512092,2010,동아시아불교문화,지역불교및불교사연구,불교에서의 평등과 차별 - 젠더와 깨달음의 문제를 중심으로,1,윤종갑,부산대학교
윤종갑,ART001520584,2010,동아시아불교문화,지역불교및불교사연구,"불교의 연기론적 생명관과 복잡계 이론 - 실체에서 관계로, 관계에서 생성으로 -",1,윤종갑,동아대학교
윤종갑,ART001496417,2010,철학연구,철학,대승불교의 진리관-龍樹의 空과 二諦說에 대한 中觀學派와 唯識學派의 논쟁을 중심으로,1,윤종갑,동아대학교
윤종갑,ART001526909,2010,동양문화연구,기타인문학,불교문화콘텐츠 개발과 스토리텔링,1,윤종갑,동아대학교
윤종갑,ART001626479,2011,동아시아불교문화,지역불교및불교사연구,불교와 정치권력 - 정교분리에 관한 붓다의 관점을 중심으로 -,1,윤종갑,동아대학교
윤종갑,ART001540453,2011,한국민족문화,기타인문학,한용운의 근대 인식과 서양철학 이해,1,윤종갑,동아대학교
윤종갑,ART001629906,2012,철학논총,철학,배아줄기세포 연구에 대한 불교적 관점,1,윤종갑,동아대학교
윤종갑,ART001680666,2012,동아시아불교문화,지역불교및불교사연구,원융무애와 불교 다문화: 대승불교의 입장에서,1,윤종갑,동아대학교
윤종갑,ART001788099,2013,동아시아불교문화,지역불교및불교사연구,집단적 고통에 대한 불교적 이해 - 공업(共業)을 중심으로,1,윤종갑,동아대학교
윤종갑,ART001893329,2014,동아시아불교문화,지역불교및불교사연구,현대 과학기술과 생명의 위기에 대한 불교적 조망,1,윤종갑,부산대학교
윤종갑,ART001847000,2014,철학논총,철학,동아시아의 근대 불교와 서양철학,2,윤종갑;박정심,부산대학교
윤종갑,ART001948048,2014,동아시아불교문화,지역불교및불교사연구,반야중관 경론에서의 번뇌론,1,윤종갑,동아대학교
윤종갑,ART002040324,2015,동아시아불교문화,지역불교및불교사연구,중국 불교와 장송의례 - 중국인의 불교 수용과 신멸‧신불멸 논쟁을 중심으로,1,윤종갑,동아대학교
윤종갑,ART002009827,2015,동아시아불교문화,지역불교및불교사연구,재가불자의 수행현황과 수행방법에 대한 고찰 - 부산지역을 중심으로,1,윤종갑,동아대학교
윤종갑,ART001958133,2015,철학논총,철학,중관사상의 깨달음의 구조와 열반 - 용수의『중론』을 중심으로 -,1,윤종갑,동아대학교
윤종갑,ART001981181,2015,동아시아불교문화,지역불교및불교사연구,마음의 본성 탐구와 개발에 대한 유교와불교의 관점,1,윤종갑,동아대학교
윤종갑,ART002075085,2015,동아시아불교문화,지역불교및불교사연구,『열반경』 계통의 경전에 나타난 공과 불성,1,윤종갑,동아대학교
윤종갑,ART002276284,2015,한국교수불자연합학회지,응용불교학,『열반경』 계통의 경전에 나타난 공과 실재,1,윤종갑,동아대학교
윤종갑,ART002075076,2015,동아시아불교문화,지역불교및불교사연구,다선일미(茶禪一味)의 철학과 인성교육,2,신순정;윤종갑,동아대학교
윤종갑,ART002181025,2016,불교학보,기타불교학,고대 한국 불교에 있어 법과 정치 -원효를 중심으로-,1,윤종갑,동아대학교
윤종갑,ART002097145,2016,동아시아불교문화,지역불교및불교사연구,동아시아 선(禪) 문학의 표현과 논리,1,윤종갑,동아대학교
윤종갑,ART002149070,2016,동서철학연구,철학,인도철학의 실재관과 인과성에 대한 용수의 비판 - 용수의 『중론』을 중심으로 -,1,윤종갑,동아대학교
윤종갑,ART002190182,2016,동아시아불교문화,지역불교및불교사연구,동아시아의 근대불교와 불경(佛經)의 번역과 출판,2,윤종갑;박정심,동아대학교
윤종갑,ART002252825,2017,인도철학,철학,"인도철학에서 인과와 연기, 그리고 상의__나가르주나의 중론을 중심으로__",1,윤종갑,동아대학교
윤종갑,ART002264819,2017,불교학보,기타불교학,전쟁에 대한 불교적 관점,1,윤종갑,동아대학교
윤종갑,ART002273611,2017,동아시아불교문화,지역불교및불교사연구,이종장기 임상적용에 대한 불교적 관점,2,김민주;윤종갑,동아대학교
윤종갑,ART002360579,2018,코기토,기타인문학,데리다의 차연과 나가르주나의 공,1,윤종갑,동아대학교
윤종갑,ART002376726,2018,인도철학,철학,공과 나의 현전(現前)__『중론』과 『보살지』 「진실의품」의 공성 이해를 중심으로__,1,윤종갑,동아대학교
윤종갑,ART002336283,2018,동아시아불교문화,지역불교및불교사연구,가야불교 논쟁의 실체와 비판적 검토- 가야불교 연구의 관점과 접근 방법을 중심으로,1,윤종갑,동아대학교
윤종갑,ART002331028,2018,한국불교학,종교학,현행『천수경』에 나타난 신앙형태와 참회사상,1,윤종갑,동아대학교
윤종갑,ART002838588,2022,동아시아불교문화,지역불교및불교사연구,선(禪)과 중관(中觀)의 언어관- 언어 기능과 깨달음을 중심으로 -,1,윤종갑,동아대학교
윤종갑,ART003053359,2024,한마음연구,불교학,공사상의 전개: 묘공당 대행의 주인공과 공의 실천,1,윤종갑,동아대학교
윤희조,ART001018728,2006,불교학연구,불교학,초기 경전에 나타난 망상(Papa？ca)에 대한 일고찰,1,윤희조,서울불교대학원대학교
윤희조,ART001476696,2010,인도철학,철학,짠드라끼르띠의 이제설과 언어관,1,윤희조,서울불교대학원대학교
윤희조,ART001616847,2011,불교학연구,불교학,의식의 상태와 구조를 중심으로 한 견성성불의 심리학적 이해,2,조옥경;윤희조,서울불교대학원대학교
윤희조,ART001658554,2012,인도철학,철학,상좌부의 빤냐띠와 중관의 시설 : 상좌부와 중관의 언어관 비교,1,윤희조,서울불교대학원대학교
윤희조,ART001830134,2013,한국교수불자연합학회지,응용불교학,"마음챙김, 단일개념인가, 복합개념인가?",2,조옥경;윤희조,서울불교대학원대학교
윤희조,ART001893635,2014,동서철학연구,철학,영역과 기능의 관점에서 본 프로이드의 자아와 아비담마의 마음작용,1,윤희조,서울불교대학원대학교
윤희조,ART001863606,2014,동서철학연구,철학,연속과 불연속의 관점에서 본 아비담마의 마음과 프로이드의 무의식,1,윤희조,서울불교대학원대학교
윤희조,ART001976025,2015,동서철학연구,철학,성냄을 원인으로 하는 마음에서 보는 아비담마의 정서심리학,1,윤희조,서울불교대학원대학교
윤희조,ART002063822,2015,동서철학연구,철학,불교와 수용전념치료에 대한 재고찰,1,윤희조,서울불교대학원대학교
윤희조,ART002149088,2016,동서철학연구,철학,"자성(自性)의 의미변화에 관한 일고찰 - 『구사론』, 『중론』, 『단경』을 중심으로",1,윤희조,서울불교대학원대학교
윤희조,ART002160903,2016,철학논총,철학,불교와 심리학적 관점에서 본 자애와 연민,2,조옥경;윤희조,서울불교대학원대학교
윤희조,ART002176685,2016,동서철학연구,철학,불교와 정신신경면역학: 생명과학의 새로운 패러다임의 가능성에 대한 일고찰,2,윤희조;신경희,서울불교대학원대학교
윤희조,ART002265782,2017,동서철학연구,철학,마음의 기능을 중심으로 한 불교심리학의 정의와 분류에 대한 일고찰,1,윤희조,서울불교대학원대학교
윤희조,ART002290226,2017,보조사상,종교학,불교상담의 정의와 이론에 관한 일고찰,1,윤희조,서울불교대학원대학교
윤희조,ART002298059,2017,대동철학,철학,"불교의 언어, 불교상담의 언어",1,윤희조,서울불교대학원대학교
윤희조,ART002301163,2017,동서철학연구,철학,불교심리학의 관점에서 보는 네 가지 차원의 마음,1,윤희조,서울불교대학원대학교
윤희조,ART002390470,2018,동서철학연구,철학,영역과 정의의 관점에서 보는 번뇌의 심리학,1,윤희조,서울불교대학원대학교
윤희조,ART002349522,2018,철학연구,철학,『단경』에 나타난 자성의 심리학 - 본래적 자성과 포괄적 자성의 역동성을 중심으로,1,윤희조,서울불교대학원대학교
윤희조,ART002361449,2018,동서철학연구,철학,"불교상담의 두 모델, 사성제모델과 불이모델",1,윤희조,서울불교대학원대학교
윤희조,ART002373712,2018,철학논총,철학,불교상담의 과정과 기법을 중심으로 하는불교상담방법론,1,윤희조,서울불교대학원대학교
윤희조,ART002436524,2019,철학논총,철학,불교철학과 기초심리학의 관점에서 본무아의 심리학,1,윤희조,서울불교대학원대학교
윤희조,ART002451973,2019,동서철학연구,철학,『문수설반야경』과 『금강경』의 관점에서 보는 혜능 남종선의 주제와 방법론,1,윤희조,서울불교대학원대학교
윤희조,ART002474219,2019,동서철학연구,철학,존재론적 특징과 연결성으로 보는 불교 실존심리학,1,윤희조,서울불교대학원대학교
윤희조,ART002465642,2019,철학논총,철학,문제의식의 관점에서 본 불교의 깨달음과 그 의미변화,1,윤희조,서울불교대학원대학교
윤희조,ART002511172,2019,동서철학연구,철학,인식목표와 인식과정의 관점에서 본 유식학의 치유적 함의,1,윤희조,서울불교대학원대학교
윤희조,ART002468564,2019,한국불교학,종교학,어원적 관점에서 보는 暝想과 相談 - Homo Meditatus and Homo Consiliatus,1,윤희조,서울불교대학원대학교
윤희조,ART002522493,2019,철학논총,철학,오취온과 오법온의 관점에서 보는 불교의 자아심리학,1,윤희조,서울불교대학원대학교
윤희조,ART002587114,2020,철학논총,철학,삼명과 번뇌의 관점에서 보는 무명,1,윤희조,서울불교대학원대학교
윤희조,ART002604323,2020,불교문예연구,불교학,기능과 탐진치의 관점에서 보는불교의 성격심리학,1,윤희조,서울불교대학원대학교
윤희조,ART002668054,2020,동서철학연구,철학,대치적 해석과 순차적 해석의 관점에서 본 칠각지,1,윤희조,서울불교대학원대학교
윤희조,ART002670825,2020,禪文化硏究,기타불교학,불교상담의 관점에서 본 선문답 -마조어록을 중심으로-,1,윤희조,서울불교대학원대학교
윤희조,ART002603832,2020,동서철학연구,철학,불교의 영성에 대한 두 가지 관점 - 신적인 것으로서의 영성과 궁극적 가치로서의 영성,1,윤희조,서울불교대학원대학교
윤희조,ART002730595,2021,동서철학연구,철학,내는 업과 받는 업의 관점에서 본 업의 심리적 치유,1,윤희조,서울불교대학원대학교
윤희조,ART002737614,2021,동아시아불교문화,지역불교및불교사연구,"병자, 유가족, 임종자에 대한 붓다의 돌봄",1,윤희조,서울불교대학원대학교
윤희조,ART002700689,2021,동서철학연구,철학,통증과 고통 중재법을 중심으로 본 불교 수행의 생리적 치유 기제와 의학적 의미,2,신경희;윤희조,서울불교대학원대학교
윤희조,ART002802875,2021,동아시아불교문화,지역불교및불교사연구,라이프스타일의학의 관점에서 본 불교,2,신경희;윤희조,서울불교대학원대학교
윤희조,ART002835927,2022,인도철학,철학,몸을 바라보는 불교의 세 가지 관점__사념처수행의 부정관을 중심으로__,1,윤희조,서울불교대학원대학교
윤희조,ART002859135,2022,동아시아불교문화,지역불교및불교사연구,사무량심에 대한 두 가지 해석과 심리치료적 함의,1,윤희조,서울불교대학원대학교
윤희조,ART002819625,2022,동아시아불교문화,지역불교및불교사연구,스트레스의학 이론으로 본 둑카와 스트레스,2,신경희;윤희조,서울불교대학원대학교
윤희조,ART003028832,2023,禪學(선학),응용불교학,탐진치 관점에서 보는 불교의 성격발달,1,윤희조,서울불교대학원대학교
윤희조,ART003172878,2023,불교학밀교학연구,불교학,"불교적 관점에서 본 융심리학의 콤플렉스, 집단적 무의식, 개성화",1,윤희조,서울불교대학원대학교
윤희조,ART002963235,2023,한국불교학,종교학,"불교 존재론, 인식론, 진리론이 가지는 불교심리치료적 함의 - 연기, 세계, 인간을 중심으로 -",1,윤희조,서울불교대학원대학교
윤희조,ART003154467,2024,禪學(선학),응용불교학,『임제어록』에 나타난 임제 선상담의 목표와 방법론,1,윤희조,서울불교대학원대학교
윤희조,ART003112449,2024,禪學(선학),응용불교학,명상상담의 이론적 토대와 연구현황,1,윤희조,서울불교대학원대학교
윤희조,ART003084770,2024,한국불교학,종교학,심리치료적 관점에서 본 융심리학과 대행선,1,윤희조,서울불교대학원대학교
윤희조,ART003136476,2024,동아시아불교문화,지역불교및불교사연구,"몸마음챙김 명상 프로그램이 사회적 재난에 의한 간접외상에 미치는 영향 - 인지적 정서조절, 마음챙김, 자아탄력성을 중심으로 -",4,김안나;강화;류지명;윤희조,서울불교대학원대학교
윤희조,ART003188638,2025,동서철학연구,철학,불교마음챙김에 기반한 명상상담 – 마음챙김상담과 선상담을 중심으로,1,윤희조,서울불교대학원대학교
윤희조,ART003284567,2025,불교학연구,불교학,포괄적 정의와 본래적 정의로 보는 청정의 심리학 －육근청정과 자성청정을 중심으로－,1,윤희조,서울불교대학원대학교
윤희조,ART003294420,2025,불교학밀교학연구,불교학,나가르주나의 이제설 전개 - 공가중과 윤회즉열반을 중심으로 -,1,윤희조,서울불교대학원대학교
윤희조,ART003321370,2026,불교학연구,불교학,｢선문답 21조｣에서 본 한암선의 심리치료적 함의,1,윤희조,서울불교대학원대학교
이규완,ART002138046,2016,보조사상,종교학,세친의 극미(paramāṇu)해석의 변화와 12처(āyatana)설의 상관성에 대하여,1,이규완,서울대학교
이규완,ART002220283,2017,인도철학,철학,유식 삼성설의 관점에서 본 F. H. 브래들리의 실재 개념,1,이규완,서울대학교
이규완,ART002273579,2017,동아시아불교문화,지역불교및불교사연구,유식가 세친의 극미설- 극미의 결합방식에 대한 일고찰,1,이규완,서울대학교
이규완,ART002421673,2018,인도철학,철학,자이니즘의 paramāṇu와 pradeśa에 관하여,1,이규완,경상대학교 인문학연구소
이규완,ART002390482,2018,동아시아불교문화,지역불교및불교사연구,지평융합-불설(buddha vacana)은 해석의 지평에서 현존한다,1,이규완,경상대학교 인문학연구소
이규완,ART002453546,2019,동아시아불교문화,지역불교및불교사연구,3원적 사유구조- 원효 『기신론』 주석과 이익의 『사칠신편』을 중심으로,1,이규완,경상대학교 인문학연구소
이규완,ART002453180,2019,보조사상,종교학,4사구생과 8사구생에 관하여,1,이규완,경상대학교 인문학연구소
이규완,ART002870229,2022,인도철학,철학,구사론주 세친과 유가사 세친의 (불)연속성 문제에 관하여,1,이규완,서울대학교 인문학연구원
이규완,ART002910939,2022,International Journal of Buddhist Thought and Culture,불교학,Zongmi’s Inquiry into the Origin of Humanity: Rhetorical Characteristics and Their Implications,1,이규완,서울대학교 인문학연구원
이규완,ART002819605,2022,동아시아불교문화,지역불교및불교사연구,5위75법체계의 성립과 경량부 해석에 관하여,1,이규완,서울대학교 인문학연구원
이규완,ART003157468,2024,불교학연구,불교학,아비다르마철학에서 기세간과 유정의 타락 －『구사론』과 『창세기』 본문의 비교 고찰,1,이규완,서울대학교 인문학연구원
이법산,ART002953544,1989,인도철학,철학,去來에 관한 空觀的 考察 < 月稱 의 中論釋 을 중심으로 >,1,이법산,동국대학교
이법산,ART002951080,1994,인도철학,철학,楞伽經의 禪思想硏究,1,이법산,동국대학교
이법산,ART002615538,1994,보조사상,종교학,조계종에 있어서 보조의 위치-형성과 법통문제,1,이법산,동국대학교
이법산,ART002951088,1995,인도철학,철학,佛敎에 있어서 環境과 生命倫理,1,이법산,동국대학교
이법산,ART002615565,1997,보조사상,종교학,외국의 도시불교-일본과 대만의 경우,1,이법산,동국대학교
이법산,ART002616211,2000,보조사상,종교학,종밀의 생애와 수행관,1,이법산,동국대학교
이법산,ART002954635,2002,인도철학,철학,『金剛經』의 禪思想,1,이법산,동국대학교
이법산,ART000962131,2005,보조사상,종교학,看話禪 수용과 한국 看話禪의 특징,1,이법산,동국대학교
이법산,ART000995881,2006,인도철학,철학,대승 大般涅槃經의 수행관.,1,이법산,동국대학교
이법산,ART001019808,2006,보조사상,종교학,馬祖의 ‘道’ 관념과 생태학적 구조,1,이법산,동국대학교
이법산,ART001041212,2007,보조사상,종교학,한국선원과 수좌의 현황과 과제,1,이법산,동국대학교
이법산,ART001317124,2009,보조사상,종교학,불교인의 생태문화 의식 조사연구,1,이법산,동국대학교
이법산,ART001320772,2009,인도철학,철학,金剛經의 생태학적 탐구,1,이법산,동국대학교
이법산,ART001476690,2010,인도철학,철학,龍樹 中論의 禪的 考察,1,이법산,동국대학교
이은주,ART002951618,2001,인도철학,철학,아드바이따 베단따 철학에 있어서 경험적 의식(saṁvṛti-caitanya)과 순수 의식(cit),1,이은주,한국외대 인도어과
이은주,ART000857377,2002,현상학과 현대철학,철학,인간과 자연의 유기적 관계에 대한 발생적 현상학,1,이은주,한국외국어대학교
이은주,ART000856059,2003,현상학과 현대철학,철학,현상은 어떻게 생성되는가? ―후설 현상학 연구―,1,이은주,한국외대
이은주,ART000956688,2004,현상학과 현대철학,철학,인도철학적 관점에서 바라본 후설 현상학에서의 선험성,1,이은주,한국외국어대학교
이은주,ART000939937,2004,인도철학,철학,샹까라의 불이론(Advaita) 철학의 방법론,1,이은주,한국외국어대학교
이은주,ART000926406,2004,인도연구,서남아시아,인도의 베다사상과 대중신앙 형성의 역사적 문화적 배경,1,이은주,한국외국어대학교
이은주,ART000970268,2005,현상학과 현대철학,철학,후설철학에 나타난 동일성과 타자성 문제 고찰 ―인도철학적 관점에서의 ‘치료적’(therapeutic) 대안 모색―,1,이은주,한국외대
이은주,ART001069196,2007,인도연구,서남아시아,"샹까라의 수행관과 식(識, vijna)",1,이은주,한국외국어대학교
이은주,ART001053072,2007,현대유럽철학연구,서양철학,하이데거에게서 불안과 죽음의 의미,1,이은주,한국외국어대학교
이은주,ART001470686,2008,인도연구,서남아시아,초기 상캬사상과 인도불교수행법(위빠사나),1,이은주,한국외국어대학교
이은주,ART001400439,2009,현대유럽철학연구,서양철학,사람은 무엇으로 사는가? - 철학함을 가르침(teaching Philosophy)으로 나아가기 위하여 -,1,이은주,한국외국어대학교
이은주,ART001389769,2009,남아시아연구,지역학,수피즘의 힌두화 과정과 인도무슬림들의 종교사상적 딜레마,1,이은주,한국외국어대학교
이은주,ART001447808,2010,현상학과 현대철학,철학,불교 명상(위빠사나) 수행의 현상학,1,이은주,한국외국어대학교
이은주,ART001416925,2010,철학논총,철학,하이데거에서 죽음의 의미와 웰-다잉(well-dying)의 문제,1,이은주,한국외국어대학교
이은주,ART001424070,2010,인도철학,철학,위빠사나 명상 수행을 통한 공성의 이해,1,이은주,한국외국어대학교
이은주,ART001553570,2011,인도연구,서남아시아,사념처 수행과 호흡에 대한 사띠 수행의 관계,1,이은주,한국외국어대학교
이은주,ART001660178,2012,포르투갈-브라질 연구,지역학,남미 지역에서 대기 중 온실가스 농도 변동 추이 분석: CO2 와 CH4 중심,5,박일수;장유운;최용주;이은주;이강웅,한국외국어대학교
이은주,ART003064953,2024,동북아 문화연구,학제간연구,关于敦煌歌辞无名氏作家的小考,1,이은주,한국외국어대학교 중국어통역학과 강사
이은주,ART003065073,2024,동서비교문학저널,문학,An Essay on Spatial Composition in Ancient Chinese Paintings: Comparison between Chinese and Western Arts,1,이은주,한국외국어대학교
이자연,ART002954703,2023,인도철학,철학,마음챙김 명상의 사마타 수행을 둘러싼 논쟁,1,이자연,한국외국어대학교(글로벌캠퍼스) 철학문화연구소
이자연,ART003075710,2024,인도철학,철학,마음챙김 명상의 사마타와 위빠사나의 관계 문제 맥락에서의 수관(anupassanā) 고찰,1,이자연,한국외국어대학교 철학문화연구소
이현옥,ART002951085,1995,인도철학,철학,淸辯思想의 再照明_論理學의 收容과 二諦說을 중심으로_,1,이현옥,동국대학교
이현옥,ART002615581,1998,보조사상,종교학,무분별지와 공의 상응관계에 대하여,1,이현옥,동국대학교
이현옥,ART000858544,2002,불교학연구,불교학,龍樹의 禪定論― 禪定과 禪定波羅蜜多를 비교하여 ―,1,이현옥,동국대학교
이현옥,ART002954543,2002,인도철학,철학,대승空有논쟁의 진실과 허상 _논쟁의 사상적 배경을 중심으로_,1,이현옥,동국대학교
이현옥,ART001019750,2003,보조사상,종교학,『般若經』에 나타난 禪定의 개념 - 三三昧解脫門(trīni vimoksa-mukhāni)을 중심으로 -,1,이현옥,동국대학교
이현옥,ART000962136,2005,보조사상,종교학,三論學에 보이는 佛性의 문제 - 승조를 중심으로 -,1,이현옥,동국대
임근동,ART000926405,2004,인도연구,서남아시아,수많은 파키스탄(Kitane Pakistana)에 나타난 종파주의에 대한 작가의식,1,임근동,한국외국어대학교
임근동,ART000975969,2005,인도연구,서남아시아,동시대 한국시에 나타난 인도의 이미지,1,임근동,한국외국어대학교
임근동,ART001015125,2005,남아시아연구,지역학,옴 만뜨라의 문헌적 의미,1,임근동,한국외국어대학교
임근동,ART001023150,2006,남아시아연구,지역학,『바가바드기타』의 우주론과 요가,1,임근동,한국외국어대학교
임근동,ART001025475,2006,인도연구,서남아시아,『요가수트라』의 요가,1,임근동,한국외국어대학교
임근동,ART000995615,2006,남아시아연구,지역학,『메가두땀』의 자연묘사,1,임근동,한국외국어대학교
임근동,ART001202522,2007,인도연구,서남아시아,‘아할야(Ahaly)’의 이야기: 인도신화의 한 읽기,1,임근동,한국외국어대학교
임근동,ART001055756,2007,남아시아연구,지역학,리뚜쌍하람의 계절 미 연구,1,임근동,한국외국어대학교
임근동,ART001276158,2008,남아시아연구,지역학,『노자』의 인도 사상적 해석을 위한 시론,1,임근동,한국외국어대학교
임근동,ART001362784,2009,남아시아연구,지역학,산스크리트(Sanskrit)문학 고전문헌 고찰,1,임근동,한국외국어대학교
임근동,ART001323724,2009,남아시아연구,지역학,『아비기야나샤꾼딸람(Abhijñānaśakuntalam)』 연구: 신화비교를 중심으로,1,임근동,한국외국어대학교
임근동,ART001390768,2009,인도연구,서남아시아,"『요가쑤뜨라』(Yogasūtra)의 자재자(Īśvara)에 대한 고찰: 브야싸(Vyāsa)와 와짜쓰빠띠미슈라(Vācaspatimiśra), 그리고 위갸나빅슈(Vijñānabhikṣu)의 주석을 중심으로",1,임근동,한국외국어대학교
임근동,ART001494758,2010,인도연구,서남아시아,베다(Veda)와 우파니샤드(Upaniṣad)의 상호관련성 연구: 뿌루샤찬가(Puruṣasūkta)의 해석에 적용되는『이샤우파니샤드(Īśopaniṣad)』의 근본개념을 중심으로,1,임근동,한국외국어대학교
임근동,ART001424040,2010,인도철학,철학,깔리다싸(Kālidāsa)의 서정시에 나타난 비유 고찰_인도철학적인 의미를 중심으로,1,임근동,한국외국어대학교
임근동,ART001426937,2010,남아시아연구,지역학,『말라비까그니미뜨람』 연구,1,임근동,한국외국어대학교
임근동,ART001511044,2010,인도철학,철학,마두(Madhu)의 개념 비교 : ChU와 BṛU를 중심으로,1,임근동,한국외국어대학교
임근동,ART001463176,2010,남아시아연구,지역학,"번뇌(煩惱, kleśa)의 요가철학적인 의미",1,임근동,한국외국어대학교
임근동,ART001533735,2011,남아시아연구,지역학,[라구완샴(Raghuvaṁśam)] 연구: [싸히뜨야다르빠나(Sāhityadarpaṇa)]의 대서사시에 대한 정의를 중심으로,1,임근동,한국외국어대학교
임근동,ART001618793,2011,인도철학,철학,께나우파니샤드 연구 : 샹까라의 주석을 통한 브라흐만에 대한 고찰,1,임근동,한국외국어대학교
임근동,ART001601507,2011,남아시아연구,지역학,쁘라나의 우파니샤드적인 의미,1,임근동,한국외국어대학교
임근동,ART001640516,2012,남아시아연구,지역학,『까타 우파니샤드』연구* 샹까라의 주석을 통한 나찌께따쓰의 불의 의미를 중심으로,1,임근동,한국외국어대학교
임근동,ART001679846,2012,남아시아연구,지역학,『라마야나』와 『마하바라타』의 문헌비교,1,임근동,한국외국어대학교
임근동,ART001748005,2013,남아시아연구,지역학,『마누법전 Manusmṛti』의 우주창조론 연구(형이상학적인 부분의 산스크리트 주석들을 중심으로),1,임근동,한국외국어대학교
임근동,ART001746264,2013,외국문학연구,문학,인도신화를 통한 『황무지 The Waste Land』의 한 읽기 -『황무지』의 인도 신화적 해석 -,1,임근동,한국외국어대학교
임근동,ART001856177,2014,남아시아연구,지역학,까비르의 ‘스승의 편’에 대한 인도철학적 해석의 한 시도,1,임근동,한국외국어대학교
임근동,ART001968858,2015,남아시아연구,지역학,『바가바드기타』에 나타난 지혜의 요가: 샹까라(Śaṁkara)와 라마누자(Rāmanuja)의 주석을 중심으로,1,임근동,한국외국어대학교
임근동,ART002084174,2016,남아시아연구,지역학,『바가바드기타』에 나타난 행위의 요가 -샹까라(Śaṁkara)와 라마누자(Rāmanuja)의 주석을 중심으로-,1,임근동,한국외국어대학교
임근동,ART002281804,2017,남아시아연구,지역학,갠지스 강의 신화 -『라마야나 Rāmāyaṇa』와 『마하바라타 Mahābhārata』의 문헌비교를 중심으로-,1,임근동,한국외국어대학교
임근동,ART002203627,2017,남아시아연구,지역학,인도의 출가수행법 고찰 -『마누법전 Manusmṛti』과 주석을 중심으로-,1,임근동,한국외국어대학교
임근동,ART002513858,2019,원불교사상과 종교문화,원불교학,"우파니샤드의 자아탐구와 명상 : 『금강경』, 『노자』, 『장자』등을 통한 우파니샤드의 비교적 해석을 위한 시론",1,임근동,한국외국어대학교
임근동,ART002445334,2019,남아시아연구,지역학,‘세 가지 성질’(triguṇa)에 대한 문헌적 고찰,1,임근동,한국외국어대학교
임근동,ART002996368,2023,남아시아연구,지역학,『고려대장경』의 실담문자 유가금강정경석자모품(瑜伽金剛頂經釋字母品)의 문자배열과 음운을 중심으로,1,임근동,한국외국어대학교
임근동,ART003060633,2024,남아시아연구,지역학,암바의 이야기에 나타나는 고행의 의미,1,임근동,한국외국어대학교 인도학과
정상교,ART002138530,2016,인도철학,철학,독자부 및 정량부의 유위상(有爲相) 체계에 관하여 - 『중론』 제7장을 중심으로 -,1,정상교,도쿄대학 대학원 인도철학-불교학과 박사
정상교,ART002116394,2016,불교학리뷰,불교학,푸드갈라 존재 양태의 다양성에 관하여 - 중후기 중관 문헌들을 중심으로,1,정상교,도쿄대학
정상교,ART002210382,2017,불교학연구,불교학,Upādāna와 Karman의 의미를 통한 상호 의존적 관계 고찰 －『중론』 제8장 제12게와 제13게를 중심으로,1,정상교,금강대학교
정상교,ART002220282,2017,인도철학,철학,찬드라키르티의 자기인식설 비판__lakṣaṇa와 lakṣya의 관계를 중심으로__,1,정상교,금강대학교 불교문화연구소
정상교,ART002430701,2018,2018년도 불교학연구회 추계학술대회,기타불교학,두루 존재하는 자아를 둘러싼 논쟁,1,정상교,동국대학교(경주캠퍼스) 티벳대장경역경원
정상교,ART002376729,2018,인도철학,철학,『반야등론』 제9장의 선행 주체(pūrva-vyavasthita) 연구,1,정상교,동국대학교(경주캠퍼스) 티벳대장경역경원
정상교,ART002420169,2018,불교학연구,불교학,푸드갈라 존재 양태의 다양성 II,1,정상교,동국대학교(경주캠퍼스) 티벳대장경역경원
정상교,ART002669403,2020,한국불교사연구,지역불교및불교사연구,중관사상 교재의 구성과 내용,1,정상교,금강대학교
정상교,ART002582698,2020,인도철학,철학,『중론』 제9장의 논적(論敵) 연구__Sarvagatātman을 둘러싼 주석을 중심으로__,1,정상교,금강대학교
정상교,ART002836178,2022,불교학리뷰,불교학,<공각기동대>에 나타난 윤회의 의미 분석 - 융합으로서의 윤회 -,1,정상교,금강대학교
정상교,ART003224137,2025,불교학밀교학연구,불교학,불교와 뇌 과학의 양립 가능성 탐색 - 뇌 기능의 국재화(Localization of brain function)와 ‘한 점 식(識)의 흐름’의 비교를 중심으로 -,1,정상교,금강대학교
정상교,ART003231718,2025,철학논총,철학,『중론』의 대론자 연구,1,정상교,금강대학교
정성준,ART002951321,1998,인도철학,철학,無上瑜伽 딴뜨라의 大樂思想의 形成考,1,정성준,동국대학교
정성준,ART001233109,2003,International Journal of Buddhist Thought and Culture,불교학,"Formation of the Practice System of Anuttarayoga-tantra, with Special Reference to the Accomplishment of Physical Body",1,정성준,동국대학교
정성준,ART000992144,2006,불교학보,기타불교학,密敎의 佛身觀과 眞言瑜伽의 展開,1,정성준,동국대학교
정성준,ART001231168,2006,International Journal of Buddhist Thought and Culture,불교학,Comparative Study of Vairocana Buddha in Tantra Yoga and Tantra Anuttarayoga,1,정성준,동국대학교
정성준,ART001172740,2006,인도철학,철학,理趣曼茶羅의 煩惱觀 고찰,1,정성준,동국대학교
정성준,ART001024480,2006,인도철학,철학,時輪딴뜨라의 佛身思想 展開와 現實認識 考察,1,정성준,동국대학교
정성준,ART001036741,2006,불교학연구,불교학,究竟次第의 中有思想에 나타난 밀교사의 단면--死者의 書와의 관련성을 중심으로,1,정성준,동국대학교
정성준,ART001057624,2007,인도철학,철학,불교 탄트리즘의 띠라까 형성 연구,1,정성준,동국대학교
정성준,ART001371299,2009,불교연구,불교학,불교 딴뜨리즘 역사에 나타난 연기법 전개 성립배경과 수행유파의 영향을 중심으로,1,정성준,동국대학교
정성준,ART001352891,2009,종교교육학연구,종교학,선과 밀교의 소통에 관한 고찰,1,정성준,동국대학교
정성준,ART001376091,2009,International Journal of Buddhist Thought and Culture,불교학,A Study on the Visualization Practice in Silla’s Esoteric Buddhism,1,정성준,동국대학교
정성준,ART001405320,2009,불교학연구,불교학,쫑카빠의 『秘密集會安立次第論註釋』에 나타난 티벳밀교의 과제,1,정성준,동국대학교
정성준,ART001526898,2011,International Journal of Buddhist Thought and Culture,불교학,A Study on the Abhisekha Sūtra: The Bhaiṣajyaguru Buddha Faith in Korean Buddhism,1,정성준,동국대학교
정성준,ART001678310,2012,한국교수불자연합학회지,응용불교학,금강계만다라의 심성개발 응용 시론(試論),1,정성준,동국대학교
정성준,ART001637202,2012,한국불교학,종교학,티벳불교 명상의 역사적 단편 고찰 -쫑카빠 sNgags rim chen mo의 Carya-tantra를 중심으로-,1,정성준,동국대학교
정성준,ART001688399,2012,禪學(선학),응용불교학,요송시대 중국 밀교의 준제진언 수용 연구 - 『현밀성불원통심요집』을 중심으로,1,정성준,동국대학교
정성준,ART001802701,2013,International Journal of Buddhist Thought and Culture,불교학,A Study on the Mutual Exchange of Ideas between the Huayan and Esoteric Buddhist Schools,1,정성준,동국대학교
정성준,ART001789061,2013,고조선단군학,기타역사학,동아시아 고대신앙과 불교의 교섭 양상 –삼국시대 불교의 토착신앙 수용을 중심으로–,1,정성준,동국대학교
정성준,ART001793565,2013,보조사상,종교학,인도밀교 만다라의 교육사상 전개 - 유가계와 무상유가계의 부족 비교를 중심으로,1,정성준,동국대학교
정성준,ART001777377,2013,禪文化硏究,기타불교학,중국 화엄과 밀교 교섭의 양상에 대한 고찰 - 陀羅尼의 受容을 중심으로,1,정성준,동국대학교
정성준,ART001764352,2013,인도철학,철학,삶과 죽음에 대한 불교 딴뜨리즘의 과제,1,정성준,동국대학교
정성준,ART001849575,2014,International Journal of Buddhist Thought and Culture,불교학,Avalokiteśvara Faith from the Viewpoint of Esoteric Buddhism as a Clue to Understanding the Harmonization Idea of Korean Buddhism,1,정성준,동국대학교
정성준,ART001854464,2014,불교연구,불교학,티벳불교의 보편성과 특수성에 나타난 불교사의 과제 나란다사 복원의 가능성을 중심으로,1,정성준,동국대학교
정성준,ART002186282,2016,불교학연구,불교학,인도밀교의 성립에 나타난 후기중관파와 밀교의 교섭 고찰,1,정성준,동국대학교(경주캠퍼스) 불교사회문화연구원
정성준,ART002163384,2016,열상고전연구,기타국문학,불교의 수용과정에 나타난 고대주술의 밀교화 고찰,1,정성준,동국대학교(경주캠퍼스) 불교사회문화연구원
정성준,ART002124493,2016,禪文化硏究,기타불교학,Vidya·Rocana의 변천사 고찰,1,정성준,동국대학교(경주캠퍼스) 불교사회문화연구원
정성준,ART002136459,2016,인문과학연구논총,기타인문학,「오부심관」의 오선정불에 나타난 전의(轉依) 고찰,1,정성준,동국대학교(경주캠퍼스) 불교사회문화연구원
정성준,ART002139535,2016,동방학,기타인문학,『秘密道次第論』 科段에 나타난 쫑카빠의 밀교사상,1,정성준,동국대학교(경주캠퍼스) 불교사회문화연구원
정성준,ART002155574,2016,동아시아불교문화,지역불교및불교사연구,불교 만다라에 나타난 인간심성개발의 교육모델 연구 - 태장계만다라 중대팔엽원을 중심으로,1,정성준,동국대학교(경주캠퍼스) 불교사회문화연구원
정성준,ART002158716,2016,인문논총,기타인문학,티벳밀교에 나타난 나란다대학의 역사적 단편,1,정성준,동국대학교(경주캠퍼스) 불교사회문화연구원
정성준,ART002081107,2016,불교연구,불교학,수당시대 천태종학의 밀교소재에 대한 해석,1,정성준,동국대학교(경주캠퍼스)
정성준,ART002421621,2018,인도철학,철학,관정의례(灌頂儀禮)의 변천에 관한 고찰,2,국광희;정성준,동국대학교 불교학술원
정성헌,ART002914792,2022,인도철학,철학,『쁘라마나 비니쉬짜야』의 유사지각(pratyakṣābhāsa)에 관한 자기인식론적 해석,1,정성헌,동국대학교
정성헌,ART002835932,2022,인도철학,철학,"만심(慢心, māna)의 의미에 관한 고찰",1,정성헌,동국대학교
정성헌,ART003334845,2026,인도철학,철학,자비심의 심소적 해석에 대한 고찰 - 안혜의 『유식삼십송석』을 중심으로 -,1,정성헌,동국대학교
정진일,ART001157980,2004,伽山學報,종교학,"에른스트 빈디쉬, 『산스크리트文獻學 및 印度考古學史』",1,정진일,괴팅대
정진일,ART001233611,2007,불교학연구,불교학,구나발타라(求那跋陀羅)역 [잡아함경]에 보이는 번역상의 문제점―대공법경(大空法經)을 일례로,1,정진일,독일굇팅겐불교산스크리트사전편찬소
정진일,ART001511016,2010,인도철학,철학,한역 중아함경 상당 산스크리트 사본 잔엽들 : 조사 현황과 전망,1,정진일,독일굇팅겐불교산스크리트사전편찬소
정진일,ART001658545,2012,인도철학,철학,阿含 經典에 보이는 部派 所属의 판단 기준으로서의 律的 요소 : 六諍本을 一例로,1,정진일,괴팅대
정진일,ART002029918,2013,불교학리뷰,불교학,Vinaya Elements in Āgama Texts as a Criterion of the School Affiliation — Taking the Six vivādamūlas as an Example —,1,정진일,독일굇팅겐불교산스크리트사전편찬소
조석효,ART002299230,2017,인도철학,철학,"Time Measurement in Tibet: A Critical Introduction to the Works on Kālacakra Astronomy by Dieter Schuh, Premier Scholar in Contemporary German Tibetology",1,조석효,
조석효,ART002352427,2018,철학사상,철학,Circular Reasoning and Paradox in Gzhan stong Philosophy －Tantum valet auctoritas quantum allatum argumentum－,1,조석효,고려대학교
조석효,ART002421737,2018,인도철학,철학,Intellectual History: Pivoting on Historicity in Philosophy_An Example from Buddhism_,1,조석효,고려대학교
조석효,ART002496280,2019,인도철학,철학,딴뜨라 불교 순례에 대한 한 해석__13세기 티벳 승려 착 로짜와 최제뻴(Chag Lo tsā ba Chos rje dpal. 1197∼1264)의 인도 순례를 중심으로__,1,조석효,고려대학교 민족문화연구원
조준호,ART002616195,2000,보조사상,종교학,불교의 기원과 우파니사드철학,1,조준호,동국대학교
조준호,ART002615353,2001,보조사상,종교학,Vipassana의 인식론적 근거 - 빠알리(Pali) 경전을 중심으로 -,1,조준호,동국대학교
조준호,ART001157761,2004,한국불교학,종교학,사띠(sati / smr.ti : 念) 이해에 대한 비판적 검토,1,조준호,조선대학교
조준호,ART000939681,2004,인도철학,철학,사띠(Sati/sm.rti:념)는 왜 '수동적 주의집중'인가-초기불교경전에 나타난 염의 교설에 대한 재검토,1,조준호,조선대학교
조준호,ART001673968,2012,대각사상,불교학,경전 상에 나타난 호국불교의 검토,1,조준호,동국대학교
조준호,ART002914800,2022,인도철학,철학,고대인도 전적에서 선정의 기원 문제,1,조준호,동국대학교
조준호,ART003277436,2023,세화불학,응용불교학,붓다 시대의 다양한 장례법 고찰,1,조준호,동국대학교
조준호,ART003154874,2024,인도철학,철학,초기불교 부파 전적에 나타난 사띠 개념,1,조준호,동국대학교 불교학술원 불교문화연구원
조준호,ART003056443,2024,한국불교학,종교학,부파 전적에 나타난 사마타의 체계성 검토 - 수행범주와 구차제정과의 관계성을 중심으로 -,1,조준호,동국대학교
조준호,ART003177711,2025,한마음연구,불교학,정중무상과 태국 숲속 전통의 친화성 -인성염불引聲念佛과 태국의 붓도염불(Buddhoanussati)을 중심으로-,1,조준호,동국대학교
최종남,ART002953705,1993,인도철학,철학,『顯揚聖教論』에 대한 再考察,1,최종남,중앙승가대학교
최종남,ART002951332,1999,인도철학,철학,『顯揚聖敎論』 品構造에 대해서,1,최종남,중앙승가대학교
최종남,ART000858559,2003,불교학연구,불교학,판본별 티베트대장경에서의 삼장명에 대한 고찰,1,최종남,고려대학교
최종남,ART001172673,2005,인도철학,철학,한역？티베트어역 제명을 산스크리트어 원전 제명과 대조 연구,1,최종남,고려대학교
최종남,ART001371045,2009,인도철학,철학,梵･藏･돈황본 『금강경』 대조 연구,1,최종남,중앙승가대학교
최종남,ART001476681,2010,인도철학,철학,범･장･돈황본 아미타경 대조 연구,1,최종남,중앙승가대학교
최종남,ART001688310,2012,불교학연구,불교학,유가행파 문헌에 있어서 열반의 종류에 관한 연구,1,최종남,중앙승가대학교
최종남,ART002003145,2015,서지학연구,문헌정보학,大覺國師 義天과 唯識章疏에 관한 一考,1,최종남,중앙승가대학교
최종남,ART002016916,2015,불교학보,기타불교학,唯識思想과 腦科學에 관한 硏究,1,최종남,중앙승가대학교
최종남,ART002149463,2016,서지학연구,문헌정보학,중국․티베트 佛典 目錄들에 있어서 部와 『新編諸宗敎藏總錄』에 있어서 部의 分類體系에 대한 대조 연구,1,최종남,중앙승가대학교
최종남,ART002212862,2017,서지학연구,문헌정보학,간경도감본 「成唯識論了義燈抄」 권3․4의 판본대조 연구,1,최종남,중앙승가대학교
최종남,ART002304644,2017,서지학연구,문헌정보학,"「天台四敎儀」 유통본 서지조사 및 대조․연구 - 海印寺 重刻本, 祈福都監本, 大正藏本을 중심으로 -",1,최종남,중앙승가대학교
최종남,ART002359520,2018,서지학연구,문헌정보학,太賢의 「菩薩戒本宗要」 유통본 서지조사 및 대조․연구,1,최종남,중앙승가대학교
최종남,ART002627692,2020,서지학연구,문헌정보학,1010部의 諸宗敎藏 중에서 국내 유일본 瑜伽行派 章疏들에 대한 서지적 연구,1,최종남,중앙승가대학교
최종남,ART002601041,2020,서지학연구,문헌정보학,현장이 초기에 역경한 유가행파 문헌들에 대한 대조 연구,1,최종남,중앙승가대학교
한상희,ART002420125,2018,불교학연구,불교학,번뇌의 소멸과 해탈의 성취－아라한의 심해탈과 혜해탈에 대하여,1,한상희,경북대학교
한상희,ART002507152,2019,불교학연구,불교학,"초기불교의 중도와 무아, 그리고 공－의미와 관계에 관한 일고찰",1,한상희,경북대학교
한상희,ART002789986,2021,불교학연구,불교학,빨리 문헌의 고뜨라부(gotrabhū)에 관한 고찰－개념과 발전 양상을 중심으로,1,한상희,경북대학교
한상희,ART002794482,2021,동서인문,기타인문학,니까야에 나타나는 둑카(dukkha)의 발생과 소멸,1,한상희,경북대학교
한상희,ART002852414,2022,불교학연구,불교학,무실라(Musīla)와 나라다(Nārada)는 합리주의와 신비주의의 상징인가.,1,한상희,경북대학교
한상희,ART002835418,2022,요가학연구,인도철학,빨리(Pāli) 불교 주석문헌을 통해 본 성자에 대한 아비담마적 이해 -『뿍갈라빤냣띠 앗타까타(Puggalapaññatti-aṭṭhakathā)』를 중심으로,1,한상희,경북대학교
한상희,ART002936869,2023,불교연구,불교학,『아비담맛타상가하(abhidhammatthasaṅgaha)』의 위빳사나 깜맛타나(vipassanākammaṭṭhāna) - vimokkhabheda와 samāpattibheda에 대한 해석과 이해,1,한상희,경북대학교
한상희,ART003112728,2024,인도철학,철학,재생연결(paṭisandhi)의 과정과 양상 __『위숫디막가』 제17장의 ‘상카라를 조건으로 의식이 있음에 관한 논의(Saṅkhārapaccayāviññāṇakathā)’를 중심으로__,1,한상희,경북대학교 인문학술원
한상희,ART003293747,2025,인도철학,철학,"두땅가(dhutaṅga, 頭陀行)의 본질에 대한 해석 –마하위하라파와 아바야기리파의 견해 비교–",1,한상희,경북대학교
함형석,ART002182075,2016,인도철학,철학,바르뜨르하리(Bhartṛhari)의 ‘말’ 개념에 담긴 세 가지 함의,1,함형석,고려대학교 민족문화연구원
함형석,ART002162170,2016,남아시아연구,지역학,"외국인의 손에 들어간 베다 - 성경을 베다로, 베다를 성경으로 뒤바꾼 드노빌리(de Nobili)와 막스뮐러(Max Müller)의 사례 분석 -",1,함형석,고려대학교 민족문화연구원
함형석,ART002147323,2016,불교학보,기타불교학,테오도르 체르바스키(Theodor Stcherbatsky)와 20세기 초 러시아 불교학,1,함형석,고려대학교 민족문화연구원
함형석,ART002138522,2016,인도철학,철학,불교와 미맘사 사이에 끼인 상캬의 정체성 - Sāṃkhya-kārikā 제1～2송에 대한 Yuktidīpikā 주석에 등장하는 불교도․미맘사학파와의 논쟁 분석 -,1,함형석,고려대학교 민족문화연구원
함형석,ART002178489,2016,불교학리뷰,불교학,상캬 전통의 계보와 교의서의 요건: <육띠디삐까>(Yuktidīpikā) 역주 (1),2,강형철;함형석,고려대학교 민족문화연구원
함형석,ART002359777,2018,불교학리뷰,불교학,태국 마히돈 대학 주최 2018 라뜨나까라 강독회(Ratnākara Reading) 참관기,3,함형석;박효진;서정주,고려대학교 민족문화연구원
함형석,ART002538703,2019,불교학연구,불교학,짠드라끼르띠의 추론식,1,함형석,전남대학교
함형석,ART002665232,2020,International Journal of Buddhist Thought and Culture,불교학,"Book Review: The Lamp of Discernment: A Translation of Chapters 1-12 of Bhāviveka’s Prajñāpradīpa, by William L. Ames",1,함형석,전남대학교
함형석,ART002668252,2020,불교학연구,불교학,악인의 저작에서 암흑의 텍스트로－미망사학파의 인식의 본유적 타당성(svataḥprāmāṇya) 이론과 불교 베다 비판의 전환점,1,함형석,전남대학교
함형석,ART002596362,2020,불교학연구,불교학,바비베까(Bhāviveka)와 꾸마릴라(Kumārila)의 선후관계,1,함형석,전남대학교
함형석,ART002711235,2021,인도철학,철학,"바비베까의 비-채식주의: 고기를 먹는 행위가 살생을 야기하는가, 고기 먹기를 원하는 행위가 살생을 야기하는가?",1,함형석,전남대학교
함형석,ART002729525,2021,불교학연구,불교학,Bhāviveka’s Anti-vegetarianism and its Contradiction with the Laṅkāvatāra,1,함형석,전남대학교
함형석,ART002824142,2022,불교학연구,불교학,"서평: 다니엘 베들링거 (편저), 『디지털 인문학과 불교』",1,함형석,전남대학교
함형석,ART002908816,2022,불교학연구,불교학,산스크리트논서(śāstra)문헌군 인코딩 표준 마련을 위한 기초연구,1,함형석,전남대학교
함형석,ART003001842,2023,요가학연구,인도철학,알비루니의 인도철학: 『쌍크의 책』(Kitāb Sānk)과 『빠딴쟐의 책』(Kitāb Pātanǧal),2,노에미 베흐동;함형석,전남대학교
함형석,ART003154986,2024,인도철학,철학,"중관학파와 나스띠까 - 붓다빨리따, 바비베까, 짠드라끼르띠의 허무주의 논란에 대한 해명 비교연구 -",1,함형석,전남대학교 철학과
함형석,ART003076321,2024,인도철학,철학,‘항아리’가 실재하는 바비베까의 인식대상론,1,함형석,전남대학교 철학과
함형석,ART003284039,2025,불교학연구,불교학,인도 논서(śāstra) 문헌군 네트워크 분석을 위한 문헌학적 개념들 －<진실의 집대성>(Tattvasaṃgraha) 속 참조정보의 데이터화 방안－,1,함형석,전남대학교
함형석,ART003293749,2025,인도철학,철학,즈냐나가르바의 저작 『이제분별론』의 논쟁사적 맥락 읽기 - 『이제분별론』의 첨가 게송 37-43을 중심으로 -,1,함형석,전남대학교
허남결,ART001045087,2005,불교연구,불교학,생명조작 기술의 급속한 발달과 윤리적 입장의 문제,1,허남결,동국대학교
허남결,ART000969868,2005,불교학보,기타불교학,동물의 권리에 대한 윤리적 논의의 현황 - 동물해방론과 동물권리론의 전개과정을 중심으로 -,1,허남결,동국대학교
허남결,ART000954740,2005,倫理硏究,학제간연구,공리성과 권리의 양립가능성 모색,1,허남결,동국대학교
허남결,ART001151196,2005,불교학연구,불교학,불교와 생명윤리 -불교와 생명조작기술의 발달과 불교생명윤리의 정립방향 -,1,허남결,동국대학교
허남결,ART001045818,2006,불교연구,불교학,한국공직사회의 윤리문화적 현실과 그 미래,1,허남결,동국대학교
허남결,ART001045091,2006,불교연구,불교학,문화의 영향과 도덕적 책임의 문제,1,허남결,동국대학교
허남결,ART001144480,2006,倫理硏究,학제간연구,공직사회 윤리의식의 사회문화적 배경과 그 변화가능성,1,허남결,동국대
허남결,ART001083021,2007,불교연구,불교학,자리이타행의 공리주의화와 공리주의의 자리이타행화 - 새로운 버전의 '자리(우선)이타행'을 제안하며 -,1,허남결,동국대학교
허남결,ART001054862,2007,불교연구,불교학,오계의 일상적 실천을 위한 행위전략 모색,1,허남결,동국대학교
허남결,ART001277354,2008,International Journal of Buddhist Thought and Culture,불교학,"Review of History of Korean Buddhism, by Byung-jo Chung",1,허남결,동국대학교
허남결,ART001320774,2009,인도철학,철학,업과 윤회 사상의 일상적 수용 태도 : 삶과 죽음의 윤리적 극복 가능성,1,허남결,동국대학교
허남결,ART001321842,2009,불교연구,불교학,"환경윤리의 관점과 육식문화의 반성 ―육식 선호의 습관을 포기하고, 채식 위주의 식사를 고려할 때인가?―",1,허남결,동국대학교
허남결,ART001482131,2010,倫理硏究,학제간연구,동양적 공리주의윤리문화의 도덕적 재평가,1,허남결,동국대학교
허남결,ART001563946,2011,倫理硏究,학제간연구,동물의 권리문제와 불교의 생명윤리 -‘개체의 고통’이란 기준을 중심으로,1,허남결,동국대학교
허남결,ART001568313,2011,한국교수불자연합학회지,응용불교학,불교윤리의 일상생활화 방안 모색 -불교적 ‘작은 윤리’를 제안하며-,1,허남결,동국대학교
허남결,ART001614332,2011,倫理硏究,학제간연구,불교생태학의 인간주의적 실천원리 모색 -불교적 ‘인간중심주의’를 제안하며-,1,허남결,동국대학교
허남결,ART001678236,2012,한국교수불자연합학회지,응용불교학,초기불교에 있어서 삶과 죽음의 문제 -윤리적 극복가능성을 중심으로-,1,허남결,동국대학교
허남결,ART001698827,2012,倫理硏究,학제간연구,고전 공리주의에 있어서 ‘종교의 공리성’ 문제 -J. S. 밀의 ‘인간종교(Religion of Humanity)’ 개념을 중심으로-,1,허남결,동국대학교
허남결,ART001804678,2013,倫理硏究,학제간연구,공리주의에서 ‘동기(motive)’의 도덕적 역할,1,허남결,동국대학교
허남결,ART001754085,2013,倫理硏究,학제간연구,고전 공리주의에서 ‘질적 쾌락주의’의 수용문제,1,허남결,동국대학교
허남결,ART001827566,2013,불교학보,기타불교학,한국사회의 자살문제와 불교생명윤리의 입장- 불살생계의 포괄적인 적용을 제안하며,1,허남결,동국대학교
허남결,ART001918788,2014,동아시아불교문화,지역불교및불교사연구,청소년의 자살률증가와 불교인성교육의 필요성,1,허남결,동국대학교
허남결,ART001866327,2014,동아시아불교문화,지역불교및불교사연구,실크로드의 호상(胡商) 소그드상인들의 재조명 - 종교문명의 동전에 미친 영향을 중심으로 -,1,허남결,동국대학교
허남결,ART001914110,2014,倫理硏究,학제간연구,밀의 공리주의에서 ‘부차적 원리(secondary principles)’의 해석문제(1) -David O. Brink와 Roger Crisp의 행위공리주의적 정당화를 중심으로-,1,허남결,동국대학교
허남결,ART001987248,2015,인도철학,철학,"웰빙(well-being)시대의 음식윤리 모색 - 불교적으로 먹고, 윤리적으로 살기의 일상적 실천 -",1,허남결,동국대학교
허남결,ART002896870,2020,무형문화연구,예술인류학및민속예능,불교 무형문화재 연구자를 위한 연구윤리 규정의 필요성,1,허남결,동국대학교
허남결,ART002926804,2022,宗學硏究,불교학,"불교와 성 - 수행의 영역인가, 행복의 영역인가-",1,허남결,동국대학교
허남결,ART002995938,2023,동아시아불교문화,지역불교및불교사연구,"인공지능의 시대와 자비윤리의 요청- 인간의 미래, 기술의 미래 -",2,주은혜;허남결,동국대학교
허남결,ART003022050,2023,철학∙사상∙문화,기타인문학,"불교 교리에 대한 챗GPT 답변의 정합성 평가 -초기불교, 부파불교, 대승불교를 중심으로-",2,구예진;허남결,동국대학교
허남결,ART003099597,2024,철학∙사상∙문화,기타인문학,성소수자에 대한 불교윤리적 고찰,2,김진선;허남결,동국대학교
